상품명,상품 유형,위험도,1개월 수익률(연환산수익률)(%),3개월 수익률(연환산수익률)(%),6개월 수익률(연환산수익률)(%),12개월 수익률(연환산수익률)(%),"총 보수비용(연, %)",운용사,상품 요약,Cluster
AB글로벌고수익증권투자신탁(채권-재간접형)Ce-P2,채권형재간접투자,3,0.47,2.39,4.46,12.55,0.427,AB자산운용,보통위험을 감수할 수 있는 안정성을 추구하면서도 약간의 변화를 받아들일 수 있는 분께 추천드리는 채권형 상품으로 최근 12개월 기준 12.55%의 수익률을 기록했습니다.,1
AB미국그로스UH증권투자신탁[주식-재간접형]Ce-P2,주식형재간접투자,5,8.43,16.14,15.68,44.22,0.521,얼라이언스 번스타인,높은위험을 감수할 수 있는 높은 위험을 감수하며 높은 수익을 기대하시는 분께 추천드리는 주식형 상품으로 최근 12개월 기준 44.22%의 수익률을 기록했습니다.,2
AB미국그로스증권투자신탁(주식-재간접형)Ce-P2,주식형재간접투자,5,4.23,12.67,11.48,33.69,0.523,AB자산운용,높은위험을 감수할 수 있는 높은 위험을 감수하며 높은 수익을 기대하시는 분께 추천드리는 주식형 상품으로 최근 12개월 기준 33.69%의 수익률을 기록했습니다.,2
AB셀렉트미국증권투자신탁[주식-재간접형]Ce-P2,주식형,4,3.48,10.62,12.63,33.74,0.628,AB자산운용,다소높은위험을 감수할 수 있는 높은 위험을 감수하며 높은 수익을 기대하시는 분께 추천드리는 주식형 상품으로 최근 12개월 기준 33.74%의 수익률을 기록했습니다.,2
BNK삼성전자중소형증권투자신탁1호(주식)C-P2e,주식형,5,-4.08,-8.29,-8.53,14.47,0.771,BNK자산운용,높은위험을 감수할 수 있는 높은 위험을 감수하며 높은 수익을 기대하시는 분께 추천드리는 주식형 상품으로 최근 12개월 기준 14.47%의 수익률을 기록했습니다.,0
BNK튼튼배당증권자투자신탁1(주식)C-P2e,주식형,5,-5.48,-6.71,-9.32,6.3,0.871,BNK자산운용,높은위험을 감수할 수 있는 높은 위험을 감수하며 높은 수익을 기대하시는 분께 추천드리는 주식형 상품으로 최근 12개월 기준 6.30%의 수익률을 기록했습니다.,0
DB바이오헬스케어증권자투자신탁제1호[주식]C-P2E,주식형,5,-9.47,4.67,15.63,44.38,1.159,DB자산운용,높은위험을 감수할 수 있는 높은 위험을 감수하며 높은 수익을 기대하시는 분께 추천드리는 주식형 상품으로 최근 12개월 기준 44.38%의 수익률을 기록했습니다.,2
HDC디딤모아주고막아주는증권투자신탁1호(채권혼합)C-Pe,채권혼합형,2,-0.63,-0.8,0.32,5.04,0.634,HDC자산운용,낮은위험을 감수할 수 있는 안정성을 가장 중요하게 생각하시는 분께 추천드리는 채권혼합형 상품으로 최근 12개월 기준 5.04%의 수익률을 기록했습니다.,1
HDC퇴직연금좋은지배구조40증권자투자신탁(채권혼합),채권혼합형,3,-2.26,-2.63,-2.16,4.27,0.802,HDC자산운용,보통위험을 감수할 수 있는 안정성을 추구하면서도 약간의 변화를 받아들일 수 있는 분께 추천드리는 채권혼합형 상품으로 최근 12개월 기준 4.27%의 수익률을 기록했습니다.,1
IBK골드마이닝증권자투자신탁1호[주식]C-Re,주식형,5,-6.39,-2.58,3.45,30.56,1.452,아이비케이자산운용,높은위험을 감수할 수 있는 높은 위험을 감수하며 높은 수익을 기대하시는 분께 추천드리는 주식형 상품으로 최근 12개월 기준 30.56%의 수익률을 기록했습니다.,2
IBK단기국공채공모주증권자투자신탁1호[채권혼합]C-Pe,채권혼합형,2,0.34,0.85,1.37,10.79,0.482,아이비케이자산운용,낮은위험을 감수할 수 있는 안정성을 가장 중요하게 생각하시는 분께 추천드리는 채권혼합형 상품으로 최근 12개월 기준 10.79%의 수익률을 기록했습니다.,1
IBK플레인바닐라EMP증권투자신탁[혼합-재간접형]C-Re,재간접투자,3,0.36,4.15,6.66,20.05,0.814,아이비케이자산운용,보통위험을 감수할 수 있는 안정성을 추구하면서도 약간의 변화를 받아들일 수 있는 분께 추천드리는 재간접투자 상품으로 최근 12개월 기준 20.05%의 수익률을 기록했습니다.,1
KB다이나믹TDF2030증권자투자신탁(주식혼합-재간접형)C-퇴직e,재간접투자,4,1.18,5.41,6.21,17.4,0.437,KB자산운용,다소높은위험을 감수할 수 있는 높은 위험을 감수하며 높은 수익을 기대하시는 분께 추천드리는 재간접투자 상품으로 최근 12개월 기준 17.40%의 수익률을 기록했습니다.,2
KB다이나믹TDF2040증권자투자신탁(주식혼합-재간접형)C-퇴직e,재간접투자,4,1.64,6.91,7.21,21.12,0.564,KB자산운용,다소높은위험을 감수할 수 있는 높은 위험을 감수하며 높은 수익을 기대하시는 분께 추천드리는 재간접투자 상품으로 최근 12개월 기준 21.12%의 수익률을 기록했습니다.,2
KB다이나믹TDF2050증권자투자신탁(주식혼합-재간접형)C-퇴직e,재간접투자,4,1.83,7.51,7.6,22.72,0.572,KB자산운용,다소높은위험을 감수할 수 있는 높은 위험을 감수하며 높은 수익을 기대하시는 분께 추천드리는 재간접투자 상품으로 최근 12개월 기준 22.72%의 수익률을 기록했습니다.,2
KB스타미국S&P500인덱스증권자투자신탁[주식-파생형]C-퇴직e,주식형,5,3.58,11.16,13.31,33.2,0.902,KB자산운용,높은위험을 감수할 수 있는 높은 위험을 감수하며 높은 수익을 기대하시는 분께 추천드리는 주식형 상품으로 최근 12개월 기준 33.20%의 수익률을 기록했습니다.,2
KB스타미국나스닥100인덱스증권자투자신탁[주식-파생형](H)C-퇴직e,주식형,5,4.15,12.84,14.83,32.88,0.924,KB자산운용,높은위험을 감수할 수 있는 높은 위험을 감수하며 높은 수익을 기대하시는 분께 추천드리는 주식형 상품으로 최근 12개월 기준 32.88%의 수익률을 기록했습니다.,2
KB스타중기국공채증권자투자신탁(채권)C-퇴직e,채권형,2,0.3,0.41,3.18,6.78,0.322,KB자산운용,낮은위험을 감수할 수 있는 안정성을 가장 중요하게 생각하시는 분께 추천드리는 채권형 상품으로 최근 12개월 기준 6.78%의 수익률을 기록했습니다.,1
KB온국민TDF2030증권투자신탁(주식혼합-재간접형)C-퇴직e,주식혼합형재간접투자,4,1.05,4.83,6.2,17.52,0.368,KB자산운용,다소높은위험을 감수할 수 있는 높은 위험을 감수하며 높은 수익을 기대하시는 분께 추천드리는 주식혼합형 상품으로 최근 12개월 기준 17.52%의 수익률을 기록했습니다.,2
KB온국민TDF2035증권투자신탁(주식혼합-재간접형)C-퇴직e,주식혼합형재간접투자,4,1.19,5.25,6.38,18.25,0.488,KB자산운용,다소높은위험을 감수할 수 있는 높은 위험을 감수하며 높은 수익을 기대하시는 분께 추천드리는 주식혼합형 상품으로 최근 12개월 기준 18.25%의 수익률을 기록했습니다.,2
KB온국민TDF2040증권투자신탁(주식혼합-재간접형)C-퇴직e,주식혼합형재간접투자,4,1.45,6.18,7.01,20.75,0.615,KB자산운용,다소높은위험을 감수할 수 있는 높은 위험을 감수하며 높은 수익을 기대하시는 분께 추천드리는 주식혼합형 상품으로 최근 12개월 기준 20.75%의 수익률을 기록했습니다.,2
KB온국민TDF2045증권투자신탁(주식혼합-재간접형)C-퇴직e,주식혼합형재간접투자,4,1.63,6.82,7.47,22.13,0.623,KB자산운용,다소높은위험을 감수할 수 있는 높은 위험을 감수하며 높은 수익을 기대하시는 분께 추천드리는 주식혼합형 상품으로 최근 12개월 기준 22.13%의 수익률을 기록했습니다.,2
KB온국민TDF2050증권자투자신탁(주식혼합-재간접형)(H)C-퇴직e,주식혼합형재간접투자,4,1.66,6.94,7.53,22.34,0.617,KB자산운용,다소높은위험을 감수할 수 있는 높은 위험을 감수하며 높은 수익을 기대하시는 분께 추천드리는 주식혼합형 상품으로 최근 12개월 기준 22.34%의 수익률을 기록했습니다.,2
매우높은위험 e전용 KB코리아뉴웨이브증권투자신탁(주식)C-퇴직e,주식형,6,-7.15,-8.65,-10.39,6.5,1.12,KB자산운용,매우높은위험을 감수할 수 있는 높은 위험을 감수하며 높은 수익을 기대하시는 분께 추천드리는 주식형 상품으로 최근 12개월 기준 6.50%의 수익률을 기록했습니다.,0
KB타겟리턴성장형OCIO증권투자신탁(혼합-재간접형)C-퇴직e,주식혼합형,3,1.53,4.73,5.75,15.56,0.58,KB자산운용,보통위험을 감수할 수 있는 안정성을 추구하면서도 약간의 변화를 받아들일 수 있는 분께 추천드리는 주식혼합형 상품으로 최근 12개월 기준 15.56%의 수익률을 기록했습니다.,1
KB타겟리턴안정형OCIO증권투자신탁(혼합-재간접형)C-퇴직e,주식혼합형,3,0.74,2.94,4.22,11.92,0.53,KB자산운용,보통위험을 감수할 수 있는 안정성을 추구하면서도 약간의 변화를 받아들일 수 있는 분께 추천드리는 주식혼합형 상품으로 최근 12개월 기준 11.92%의 수익률을 기록했습니다.,1
KB퇴직연금배당40증권자투자신탁(채권혼합)C-E,채권혼합형,3,-2.46,-3.39,-2.05,6.53,0.533,KB자산운용,보통위험을 감수할 수 있는 안정성을 추구하면서도 약간의 변화를 받아들일 수 있는 분께 추천드리는 채권혼합형 상품으로 최근 12개월 기준 6.53%의 수익률을 기록했습니다.,1
KCGI글로벌성장기반증권자투자신탁[주식]C-Pe2,주식형,4,7.07,18.71,3.65,26.94,1.292,케이씨지아이자산운용,다소높은위험을 감수할 수 있는 높은 위험을 감수하며 높은 수익을 기대하시는 분께 추천드리는 주식형 상품으로 최근 12개월 기준 26.94%의 수익률을 기록했습니다.,2
KCGI글로벌헬스케어증권투자신탁[주식]C-Pe2,주식형,4,0.65,0.18,2.42,14.18,1.311,케이씨지아이자산운용,다소높은위험을 감수할 수 있는 높은 위험을 감수하며 높은 수익을 기대하시는 분께 추천드리는 주식형 상품으로 최근 12개월 기준 14.18%의 수익률을 기록했습니다.,0
KCGI디딤프리덤평생소득TIF증권자투자신탁[채권혼합-재간접형]C-Pe2,채권혼합형재간접투자,3,2.9,3.76,3.75,13.16,0.494,케이씨지아이자산운용,보통위험을 감수할 수 있는 안정성을 추구하면서도 약간의 변화를 받아들일 수 있는 분께 추천드리는 채권혼합형 상품으로 최근 12개월 기준 13.16%의 수익률을 기록했습니다.,1
KCGI차이나증권투자신탁(주식)C-Pe2,주식형,5,0.05,21.6,4.05,22.81,1.345,케이씨지아이자산운용,높은위험을 감수할 수 있는 높은 위험을 감수하며 높은 수익을 기대하시는 분께 추천드리는 주식형 상품으로 최근 12개월 기준 22.81%의 수익률을 기록했습니다.,2
KCGI코리아퇴직연금증권자투자신탁[채권혼합]C-Pe2,채권혼합형,3,-1.26,-1.63,1.24,9.63,0.694,케이씨지아이자산운용,보통위험을 감수할 수 있는 안정성을 추구하면서도 약간의 변화를 받아들일 수 있는 분께 추천드리는 채권혼합형 상품으로 최근 12개월 기준 9.63%의 수익률을 기록했습니다.,1
KCGI프리덤TDF2030증권자투자신탁[주식혼합-재간접형]C-Pe2,주식혼합형재간접투자,3,3.43,6.98,3.53,19.24,0.524,케이씨지아이자산운용,보통위험을 감수할 수 있는 안정성을 추구하면서도 약간의 변화를 받아들일 수 있는 분께 추천드리는 주식혼합형 상품으로 최근 12개월 기준 19.24%의 수익률을 기록했습니다.,1
KCGI프리덤TDF2035증권자투자신탁[주식혼합-재간접형]C-Pe2,주식혼합형재간접투자,3,3.67,7.23,3.52,19.76,0.554,케이씨지아이자산운용,보통위험을 감수할 수 있는 안정성을 추구하면서도 약간의 변화를 받아들일 수 있는 분께 추천드리는 주식혼합형 상품으로 최근 12개월 기준 19.76%의 수익률을 기록했습니다.,1
KCGI프리덤TDF2040증권자투자신탁[주식혼합-재간접형]C-Pe2,주식혼합형재간접투자,3,4.12,7.88,3.76,20.53,0.584,케이씨지아이자산운용,보통위험을 감수할 수 있는 안정성을 추구하면서도 약간의 변화를 받아들일 수 있는 분께 추천드리는 주식혼합형 상품으로 최근 12개월 기준 20.53%의 수익률을 기록했습니다.,1
KCGI프리덤TDF2045증권자투자신탁[주식혼합-재간접형]C-Pe2,주식혼합형재간접투자,4,4.16,7.98,3.5,21.25,0.614,케이씨지아이자산운용,다소높은위험을 감수할 수 있는 높은 위험을 감수하며 높은 수익을 기대하시는 분께 추천드리는 주식혼합형 상품으로 최근 12개월 기준 21.25%의 수익률을 기록했습니다.,2
KCGI프리덤TDF2050증권자투자신탁[주식혼합-재간접형]C-Pe2,주식혼합형재간접투자,4,4.48,8.19,3.42,20.74,0.644,케이씨지아이자산운용,다소높은위험을 감수할 수 있는 높은 위험을 감수하며 높은 수익을 기대하시는 분께 추천드리는 주식혼합형 상품으로 최근 12개월 기준 20.74%의 수익률을 기록했습니다.,2
NH-Amundi100년기업그린코리아증권투자신탁[주식]C-P2e,주식형,5,-7.07,-7.68,-11.52,5.3,0.778,NH-Amundi자산운용,높은위험을 감수할 수 있는 높은 위험을 감수하며 높은 수익을 기대하시는 분께 추천드리는 주식형 상품으로 최근 12개월 기준 5.30%의 수익률을 기록했습니다.,0
NH-Amundi국채10년인덱스증권자투자신탁[채권]C-P2e,채권형,3,0.33,-0.03,5.03,10.07,0.237,NH-Amundi자산운용,보통위험을 감수할 수 있는 안정성을 추구하면서도 약간의 변화를 받아들일 수 있는 분께 추천드리는 채권형 상품으로 최근 12개월 기준 10.07%의 수익률을 기록했습니다.,1
NH-Amundi글로벌혁신기업증권자투자신탁(H)[주식]C-P2e,주식형,5,4.13,15.97,12.73,38.54,1.382,NH-Amundi자산운용,높은위험을 감수할 수 있는 높은 위험을 감수하며 높은 수익을 기대하시는 분께 추천드리는 주식형 상품으로 최근 12개월 기준 38.54%의 수익률을 기록했습니다.,2
NH-Amundi필승코리아증권투자신탁[주식]C-P2e,주식형,5,-9.56,-11.81,-23.12,-6.21,0.669,NH-Amundi자산운용,높은위험을 감수할 수 있는 높은 위험을 감수하며 높은 수익을 기대하시는 분께 추천드리는 주식형 상품으로 최근 12개월 기준 -6.21%의 수익률을 기록했습니다.,0
매우높은위험 e전용 iM에셋월드골드증권자투자신탁(주식-재간접형)(H)C-Rpe,주식형재간접투자,6,-6.21,1.89,5.4,31.68,0.825,iM에셋자산운용,매우높은위험을 감수할 수 있는 높은 위험을 감수하며 높은 수익을 기대하시는 분께 추천드리는 주식형 상품으로 최근 12개월 기준 31.68%의 수익률을 기록했습니다.,2
매우높은위험 e전용 iM에셋월드광업주증권자투자신탁(주식-재간접형)(H)C-Rpe,주식형재간접투자,6,-6.15,2.43,-8.88,10.13,0.823,iM에셋자산운용,매우높은위험을 감수할 수 있는 높은 위험을 감수하며 높은 수익을 기대하시는 분께 추천드리는 주식형 상품으로 최근 12개월 기준 10.13%의 수익률을 기록했습니다.,0
매우높은위험 e전용 iM에셋월드에너지증권자투자신탁(주식-재간접형)(H)C-Rpe,재간접투자,6,0.51,2.6,-2.1,9.55,0.827,iM에셋자산운용,매우높은위험을 감수할 수 있는 높은 위험을 감수하며 높은 수익을 기대하시는 분께 추천드리는 재간접투자 상품으로 최근 12개월 기준 9.55%의 수익률을 기록했습니다.,0
iM에셋월드헬스사이언스증권투자신탁(주식-재간접형)C-Rpe,주식형,4,-2.43,-2.3,0.94,16.43,0.788,iM에셋자산운용,다소높은위험을 감수할 수 있는 높은 위험을 감수하며 높은 수익을 기대하시는 분께 추천드리는 주식형 상품으로 최근 12개월 기준 16.43%의 수익률을 기록했습니다.,2
iM에셋퇴직연금증권자투자신탁1호(채권혼합),채권혼합형,3,-2.98,-4.47,-4.53,2.33,0.7,iM에셋자산운용,보통위험을 감수할 수 있는 안정성을 추구하면서도 약간의 변화를 받아들일 수 있는 분께 추천드리는 채권혼합형 상품으로 최근 12개월 기준 2.33%의 수익률을 기록했습니다.,1
교보악사Tomorrow장기우량증권투자신탁K-1호(채권)C-Pe,채권형,2,0.31,0.34,4.27,9.33,0.221,교보악사자산운용,낮은위험을 감수할 수 있는 안정성을 가장 중요하게 생각하시는 분께 추천드리는 채권형 상품으로 최근 12개월 기준 9.33%의 수익률을 기록했습니다.,1
교보악사로보테크증권자투자신탁1호(H)[주식]C-Re,주식형,5,3.59,11.9,4.38,30.46,1.206,교보악사자산운용,높은위험을 감수할 수 있는 높은 위험을 감수하며 높은 수익을 기대하시는 분께 추천드리는 주식형 상품으로 최근 12개월 기준 30.46%의 수익률을 기록했습니다.,2
교보악사삼성전자투게더증권투자신탁[채권혼합]C-Re,채권혼합형,3,-3.73,-10.73,-12.98,-8.93,0.452,교보악사자산운용,보통위험을 감수할 수 있는 안정성을 추구하면서도 약간의 변화를 받아들일 수 있는 분께 추천드리는 채권혼합형 상품으로 최근 12개월 기준 -8.93%의 수익률을 기록했습니다.,1
교보악사위대한중소형밸류증권자투자신탁1호(주식)C-Re(퇴직연금),주식형,5,-1.9,-0.29,-3.08,8.77,1.147,교보악사자산운용,높은위험을 감수할 수 있는 높은 위험을 감수하며 높은 수익을 기대하시는 분께 추천드리는 주식형 상품으로 최근 12개월 기준 8.77%의 수익률을 기록했습니다.,0
교보악사파워인덱스증권자투자신탁1호(주식)C-Pe,주식형,5,-7.56,-10.18,-13.23,1.26,0.467,교보악사자산운용,높은위험을 감수할 수 있는 높은 위험을 감수하며 높은 수익을 기대하시는 분께 추천드리는 주식형 상품으로 최근 12개월 기준 1.26%의 수익률을 기록했습니다.,0
교보악사평생든든TDF2025증권자투자신탁(혼합-재간접형)C-Re,재간접투자,3,0.41,3.2,5.35,16.22,0.417,교보악사자산운용,보통위험을 감수할 수 있는 안정성을 추구하면서도 약간의 변화를 받아들일 수 있는 분께 추천드리는 재간접투자 상품으로 최근 12개월 기준 16.22%의 수익률을 기록했습니다.,1
교보악사평생든든TDF2030증권자투자신탁(혼합-재간접형)C-Re,재간접투자,3,0.68,4.82,6.62,19.67,0.497,교보악사자산운용,보통위험을 감수할 수 있는 안정성을 추구하면서도 약간의 변화를 받아들일 수 있는 분께 추천드리는 재간접투자 상품으로 최근 12개월 기준 19.67%의 수익률을 기록했습니다.,1
교보악사평생든든TDF2035증권자투자신탁(혼합-재간접형)C-Re,재간접투자,4,0.93,5.64,7.27,21.27,0.587,교보악사자산운용,다소높은위험을 감수할 수 있는 높은 위험을 감수하며 높은 수익을 기대하시는 분께 추천드리는 재간접투자 상품으로 최근 12개월 기준 21.27%의 수익률을 기록했습니다.,2
교보악사평생든든TDF2040증권자투자신탁(혼합-재간접형)C-Re,재간접투자,4,1.03,6.32,7.92,22.95,0.607,교보악사자산운용,다소높은위험을 감수할 수 있는 높은 위험을 감수하며 높은 수익을 기대하시는 분께 추천드리는 재간접투자 상품으로 최근 12개월 기준 22.95%의 수익률을 기록했습니다.,2
교보악사평생든든TDF2045증권자투자신탁(혼합-재간접형)C-Re,재간접투자,4,1.08,6.45,7.99,23.33,0.627,교보악사자산운용,다소높은위험을 감수할 수 있는 높은 위험을 감수하며 높은 수익을 기대하시는 분께 추천드리는 재간접투자 상품으로 최근 12개월 기준 23.33%의 수익률을 기록했습니다.,2
교보악사평생든든TDF2050증권자투자신탁(혼합-재간접형)C-Re,재간접투자,4,1.07,6.44,7.99,23.34,0.647,교보악사자산운용,다소높은위험을 감수할 수 있는 높은 위험을 감수하며 높은 수익을 기대하시는 분께 추천드리는 재간접투자 상품으로 최근 12개월 기준 23.34%의 수익률을 기록했습니다.,2
다올JP모건글로벌투자적격등급회사채증권자투자신탁(H)[채권-재간접형]CPe,채권형재간접투자,3,-0.2,0.73,3.55,8.71,0.389,다올자산운용,보통위험을 감수할 수 있는 안정성을 추구하면서도 약간의 변화를 받아들일 수 있는 분께 추천드리는 채권형 상품으로 최근 12개월 기준 8.71%의 수익률을 기록했습니다.,1
다올JP모건글로벌투자적격등급회사채증권자투자신탁(UH)[채권-재간접형]CPe,채권형,3,3.9,3.64,7.27,17.24,0.389,다올자산운용,보통위험을 감수할 수 있는 안정성을 추구하면서도 약간의 변화를 받아들일 수 있는 분께 추천드리는 채권형 상품으로 최근 12개월 기준 17.24%의 수익률을 기록했습니다.,1
매우높은위험 e전용 다올VIP스타셀렉션증권자투자신탁(주식)CPe,주식형,6,-9.1,-7.12,-21.43,-15.12,0.961,다올자산운용,매우높은위험을 감수할 수 있는 높은 위험을 감수하며 높은 수익을 기대하시는 분께 추천드리는 주식형 상품으로 최근 12개월 기준 -15.12%의 수익률을 기록했습니다.,0
다올공모주하이일드증권투자신탁[채권혼합]CPe,채권혼합형,2,0.37,0.92,1.78,7.14,0.768,다올자산운용,낮은위험을 감수할 수 있는 안정성을 가장 중요하게 생각하시는 분께 추천드리는 채권혼합형 상품으로 최근 12개월 기준 7.14%의 수익률을 기록했습니다.,1
다올글로벌멀티에셋인컴EMP증권자투자신탁[혼합-재간접형]CPe,재간접투자,5,0.16,3.24,0.1,14.35,0.809,다올자산운용,높은위험을 감수할 수 있는 높은 위험을 감수하며 높은 수익을 기대하시는 분께 추천드리는 재간접투자 상품으로 최근 12개월 기준 14.35%의 수익률을 기록했습니다.,0
다올글로벌메타버스&우주산업1등주증권자투자신탁(H)[주식]CPe,주식형,5,4.4,15.06,18.83,44.5,1.054,다올자산운용,높은위험을 감수할 수 있는 높은 위험을 감수하며 높은 수익을 기대하시는 분께 추천드리는 주식형 상품으로 최근 12개월 기준 44.50%의 수익률을 기록했습니다.,2
다올글로벌메타버스&우주산업1등주증권자투자신탁(UH)[주식]CPe,주식형,5,8.14,18.25,22.45,53.7,1.053,다올자산운용,높은위험을 감수할 수 있는 높은 위험을 감수하며 높은 수익을 기대하시는 분께 추천드리는 주식형 상품으로 최근 12개월 기준 53.70%의 수익률을 기록했습니다.,2
다올글로벌빅테크1등주증권투자신탁[주식]CPe,주식형,5,4.43,14.65,17.38,46.27,1.061,다올자산운용,높은위험을 감수할 수 있는 높은 위험을 감수하며 높은 수익을 기대하시는 분께 추천드리는 주식형 상품으로 최근 12개월 기준 46.27%의 수익률을 기록했습니다.,2
다올배당플러스찬스증권투자신탁[채권혼합]CPe,채권혼합형,3,-1.83,-1.98,-1.96,7.31,0.771,다올자산운용,보통위험을 감수할 수 있는 안정성을 추구하면서도 약간의 변화를 받아들일 수 있는 분께 추천드리는 채권혼합형 상품으로 최근 12개월 기준 7.31%의 수익률을 기록했습니다.,1
마이다스단기국공채공모주증권투자신탁1(채권혼합)C-Pe2,채권혼합형,2,0.26,0.68,0.42,5.52,0.516,마이다스에셋자산운용,낮은위험을 감수할 수 있는 안정성을 가장 중요하게 생각하시는 분께 추천드리는 채권혼합형 상품으로 최근 12개월 기준 5.52%의 수익률을 기록했습니다.,1
마이다스아시아리더스성장주증권자투자신탁(H)[주식]C-Pe2,주식형,5,0.37,9.57,9.3,30.81,1.212,마이다스에셋자산운용,높은위험을 감수할 수 있는 높은 위험을 감수하며 높은 수익을 기대하시는 분께 추천드리는 주식형 상품으로 최근 12개월 기준 30.81%의 수익률을 기록했습니다.,2
마이다스책임투자증권투자신탁(주식)C-Pe2,주식형,5,-7.5,-7.99,-11.65,2.7,1.001,마이다스에셋자산운용,높은위험을 감수할 수 있는 높은 위험을 감수하며 높은 수익을 기대하시는 분께 추천드리는 주식형 상품으로 최근 12개월 기준 2.70%의 수익률을 기록했습니다.,0
마이다스퇴직연금배당40증권자투자신탁1(채권혼합)Ce,채권혼합형,3,-2.28,-2.25,-2.75,4.84,0.534,마이다스에셋자산운용,보통위험을 감수할 수 있는 안정성을 추구하면서도 약간의 변화를 받아들일 수 있는 분께 추천드리는 채권혼합형 상품으로 최근 12개월 기준 4.84%의 수익률을 기록했습니다.,1
마이다스하이일드공모주알파증권투자신탁(채권혼합)C-Pe2,채권혼합형,2,0.32,0.83,2.17,7.84,0.585,마이다스에셋자산운용,낮은위험을 감수할 수 있는 안정성을 가장 중요하게 생각하시는 분께 추천드리는 채권혼합형 상품으로 최근 12개월 기준 7.84%의 수익률을 기록했습니다.,1
미래에셋OCIO-DB표준형증권자투자신탁(채권혼합)C-P2e,채권혼합형,2,0.42,1.32,3.85,11.7,0.499,미래에셋자산운용,낮은위험을 감수할 수 있는 안정성을 가장 중요하게 생각하시는 분께 추천드리는 채권혼합형 상품으로 최근 12개월 기준 11.70%의 수익률을 기록했습니다.,1
매우낮은위험 e전용 미래에셋개인전용MMF1호(국공채)C-P2e,MMF,1,0.27,0.82,1.67,3.44,0.26,미래에셋자산운용,매우낮은위험을 감수할 수 있는 안정성을 가장 중요하게 생각하시는 분께 추천드리는 MMF 상품으로 최근 12개월 기준 3.44%의 수익률을 기록했습니다.,1
미래에셋글로벌솔루션40증권자투자신탁1호(채권혼합)C-P2e,채권혼합형,2,1.55,3.89,5.48,14.79,0.66,미래에셋자산운용,낮은위험을 감수할 수 있는 안정성을 가장 중요하게 생각하시는 분께 추천드리는 채권혼합형 상품으로 최근 12개월 기준 14.79%의 수익률을 기록했습니다.,1
미래에셋글로벌코어테크EMP증권자투자신탁(주식-재간접형)C-P2e,주식형재간접투자,5,1.63,6.92,10.42,27.67,0.9,미래에셋자산운용,높은위험을 감수할 수 있는 높은 위험을 감수하며 높은 수익을 기대하시는 분께 추천드리는 주식형 상품으로 최근 12개월 기준 27.67%의 수익률을 기록했습니다.,2
미래에셋글로벌혁신기업ESG증권자투자신탁(주식)C-P2e,주식형,5,3.46,13.16,14.1,38.24,1.28,미래에셋자산운용,높은위험을 감수할 수 있는 높은 위험을 감수하며 높은 수익을 기대하시는 분께 추천드리는 주식형 상품으로 최근 12개월 기준 38.24%의 수익률을 기록했습니다.,2
미래에셋단기채알파증권자투자신탁(채권혼합)C-P2e,채권혼합형,2,-0.25,0.5,3.27,5.63,0.37,미래에셋자산운용,낮은위험을 감수할 수 있는 안정성을 가장 중요하게 생각하시는 분께 추천드리는 채권혼합형 상품으로 최근 12개월 기준 5.63%의 수익률을 기록했습니다.,1
미래에셋달러우량중장기채권증권자투자신탁(H)(채권)C-P2e,채권형,3,-1.64,-1.99,1.65,3.93,0.5,미래에셋자산운용,보통위험을 감수할 수 있는 안정성을 추구하면서도 약간의 변화를 받아들일 수 있는 분께 추천드리는 채권형 상품으로 최근 12개월 기준 3.93%의 수익률을 기록했습니다.,1
미래에셋달러우량중장기채권증권자투자신탁(UH)(채권)C-P2e,채권형,3,2.46,1.04,5.65,12.6,0.49,미래에셋자산운용,보통위험을 감수할 수 있는 안정성을 추구하면서도 약간의 변화를 받아들일 수 있는 분께 추천드리는 채권형 상품으로 최근 12개월 기준 12.60%의 수익률을 기록했습니다.,1
미래에셋배당과인컴증권자투자신탁(채권혼합)C-P2e,채권혼합형,3,-3.35,-4.05,-4.41,4.72,0.83,미래에셋자산운용,보통위험을 감수할 수 있는 안정성을 추구하면서도 약간의 변화를 받아들일 수 있는 분께 추천드리는 채권혼합형 상품으로 최근 12개월 기준 4.72%의 수익률을 기록했습니다.,1
미래에셋솔로몬장기국공채증권자투자신탁1호(채권)C-P2e,채권형,3,0.31,0.41,4.76,9.58,0.29,미래에셋자산운용,보통위험을 감수할 수 있는 안정성을 추구하면서도 약간의 변화를 받아들일 수 있는 분께 추천드리는 채권형 상품으로 최근 12개월 기준 9.58%의 수익률을 기록했습니다.,1
미래에셋연금인디아업종대표증권자투자신탁1호(주식)C-P2e,주식형,5,-1.59,0.84,11.48,35.04,1.21,미래에셋자산운용,높은위험을 감수할 수 있는 높은 위험을 감수하며 높은 수익을 기대하시는 분께 추천드리는 주식형 상품으로 최근 12개월 기준 35.04%의 수익률을 기록했습니다.,2
미래에셋전략배분TDF2025혼합자산자투자신탁C-P2e,주식혼합형,3,0.88,3.65,4.39,14.49,0.56,미래에셋자산운용,보통위험을 감수할 수 있는 안정성을 추구하면서도 약간의 변화를 받아들일 수 있는 분께 추천드리는 주식혼합형 상품으로 최근 12개월 기준 14.49%의 수익률을 기록했습니다.,1
미래에셋전략배분TDF2030혼합자산자투자신탁C-P2e,주식혼합형,3,1.24,4.73,5.26,17.16,0.59,미래에셋자산운용,보통위험을 감수할 수 있는 안정성을 추구하면서도 약간의 변화를 받아들일 수 있는 분께 추천드리는 주식혼합형 상품으로 최근 12개월 기준 17.16%의 수익률을 기록했습니다.,1
미래에셋전략배분TDF2035혼합자산자투자신탁C-P2e,주식혼합형,4,1.66,6.1,6.21,20.84,0.62,미래에셋자산운용,다소높은위험을 감수할 수 있는 높은 위험을 감수하며 높은 수익을 기대하시는 분께 추천드리는 주식혼합형 상품으로 최근 12개월 기준 20.84%의 수익률을 기록했습니다.,2
미래에셋전략배분TDF2040혼합자산자투자신탁C-P2e,주식혼합형,4,1.97,7.06,6.94,22.77,0.69,미래에셋자산운용,다소높은위험을 감수할 수 있는 높은 위험을 감수하며 높은 수익을 기대하시는 분께 추천드리는 주식혼합형 상품으로 최근 12개월 기준 22.77%의 수익률을 기록했습니다.,2
미래에셋전략배분TDF2045혼합자산자투자신탁C-P2e,주식혼합형,4,2.09,7.28,7.14,23.27,0.77,미래에셋자산운용,다소높은위험을 감수할 수 있는 높은 위험을 감수하며 높은 수익을 기대하시는 분께 추천드리는 주식혼합형 상품으로 최근 12개월 기준 23.27%의 수익률을 기록했습니다.,2
미래에셋전략배분TDF2050혼합자산자투자신탁C-P2e,주식혼합형,4,2.12,7.37,7.42,23.85,0.84,미래에셋자산운용,다소높은위험을 감수할 수 있는 높은 위험을 감수하며 높은 수익을 기대하시는 분께 추천드리는 주식혼합형 상품으로 최근 12개월 기준 23.85%의 수익률을 기록했습니다.,2
매우높은위험 e전용 미래에셋코어테크증권자투자신탁(주식)C-P2e,주식형,6,-13.54,-21.32,-31.35,-20.47,1.075,미래에셋자산운용,매우높은위험을 감수할 수 있는 높은 위험을 감수하며 높은 수익을 기대하시는 분께 추천드리는 주식형 상품으로 최근 12개월 기준 -20.47%의 수익률을 기록했습니다.,0
미래에셋퇴직연금배당커버드콜액티브증권자투자신탁1호(주식혼합)C-P2e,주식혼합형,4,-7.14,-9.4,-12.43,1.75,0.62,미래에셋자산운용,다소높은위험을 감수할 수 있는 높은 위험을 감수하며 높은 수익을 기대하시는 분께 추천드리는 주식혼합형 상품으로 최근 12개월 기준 1.75%의 수익률을 기록했습니다.,0
미래에셋퇴직연금베스트펀드컬렉션증권자투자신탁1(채권혼합-재간접형)C-P2e,채권혼합형,3,-1.0,-1.69,-1.11,7.13,0.37,미래에셋자산운용,보통위험을 감수할 수 있는 안정성을 추구하면서도 약간의 변화를 받아들일 수 있는 분께 추천드리는 채권혼합형 상품으로 최근 12개월 기준 7.13%의 수익률을 기록했습니다.,1
미래에셋퇴직연금스마트롱숏30증권자투자신탁1호(채권혼합)C-P2e,채권혼합형,2,-0.29,-0.88,-0.31,2.66,0.56,미래에셋자산운용,낮은위험을 감수할 수 있는 안정성을 가장 중요하게 생각하시는 분께 추천드리는 채권혼합형 상품으로 최근 12개월 기준 2.66%의 수익률을 기록했습니다.,1
미래에셋퇴직연금스마트롱숏50증권자투자신탁1호(주식혼합)C-e,주식혼합형,2,-0.82,-3.01,-3.29,0.59,0.68,미래에셋자산운용,낮은위험을 감수할 수 있는 안정성을 가장 중요하게 생각하시는 분께 추천드리는 주식혼합형 상품으로 최근 12개월 기준 0.59%의 수익률을 기록했습니다.,1
미래에셋퇴직플랜40증권자투자신탁1(채권혼합)C-P2e,채권혼합형,3,-2.63,-3.61,-2.7,5.07,0.56,미래에셋자산운용,보통위험을 감수할 수 있는 안정성을 추구하면서도 약간의 변화를 받아들일 수 있는 분께 추천드리는 채권혼합형 상품으로 최근 12개월 기준 5.07%의 수익률을 기록했습니다.,1
미래에셋퇴직플랜글로벌그레이트컨슈머40증권자투자신탁1호(채권혼합)C-P2e,채권혼합형,3,1.37,4.04,5.88,16.67,0.84,미래에셋자산운용,보통위험을 감수할 수 있는 안정성을 추구하면서도 약간의 변화를 받아들일 수 있는 분께 추천드리는 채권혼합형 상품으로 최근 12개월 기준 16.67%의 수익률을 기록했습니다.,1
미래에셋퇴직플랜글로벌그레이트컨슈머증권자투자신탁1호(주식)C-P2e,주식형,5,3.17,10.08,8.93,31.93,1.03,미래에셋자산운용,높은위험을 감수할 수 있는 높은 위험을 감수하며 높은 수익을 기대하시는 분께 추천드리는 주식형 상품으로 최근 12개월 기준 31.93%의 수익률을 기록했습니다.,2
미래에셋퇴직플랜글로벌다이나믹50증권자투자신탁1(채권)C-P2e,채권형,2,0.0,0.33,3.23,7.44,0.39,미래에셋자산운용,낮은위험을 감수할 수 있는 안정성을 가장 중요하게 생각하시는 분께 추천드리는 채권형 상품으로 최근 12개월 기준 7.44%의 수익률을 기록했습니다.,1
미래에셋퇴직플랜글로벌다이나믹증권자투자신탁1호(채권)C-P2e,채권형,2,-0.32,0.17,2.44,6.62,0.48,미래에셋자산운용,낮은위험을 감수할 수 있는 안정성을 가장 중요하게 생각하시는 분께 추천드리는 채권형 상품으로 최근 12개월 기준 6.62%의 수익률을 기록했습니다.,1
미래에셋퇴직플랜아시아퍼시픽40증권자투자신탁1호(채권혼합)C-P2e,채권혼합형,3,-0.14,1.97,5.27,13.13,0.85,미래에셋자산운용,보통위험을 감수할 수 있는 안정성을 추구하면서도 약간의 변화를 받아들일 수 있는 분께 추천드리는 채권혼합형 상품으로 최근 12개월 기준 13.13%의 수익률을 기록했습니다.,1
미래에셋퇴직플랜증권자투자신탁1호(주식)C-P2e,주식형,5,-7.48,-10.19,-13.0,-0.32,0.7,미래에셋자산운용,높은위험을 감수할 수 있는 높은 위험을 감수하며 높은 수익을 기대하시는 분께 추천드리는 주식형 상품으로 최근 12개월 기준 -0.32%의 수익률을 기록했습니다.,0
미래에셋퇴직플랜증권자투자신탁1호(채권)C-P2e,채권형,3,0.31,0.39,5.25,10.44,0.29,미래에셋자산운용,보통위험을 감수할 수 있는 안정성을 추구하면서도 약간의 변화를 받아들일 수 있는 분께 추천드리는 채권형 상품으로 최근 12개월 기준 10.44%의 수익률을 기록했습니다.,1
미래에셋평생소득TIF혼합자산자투자신탁C-P2e,기타,3,0.39,2.3,3.45,11.98,0.56,미래에셋자산운용,보통위험을 감수할 수 있는 안정성을 추구하면서도 약간의 변화를 받아들일 수 있는 분께 추천드리는 기타 상품으로 최근 12개월 기준 11.98%의 수익률을 기록했습니다.,1
베어링가치형증권자투자신탁(주식)C-P2e,주식형,5,-8.35,-9.96,-13.23,1.0,1.006,베어링자산운용,높은위험을 감수할 수 있는 높은 위험을 감수하며 높은 수익을 기대하시는 분께 추천드리는 주식형 상품으로 최근 12개월 기준 1.00%의 수익률을 기록했습니다.,0
베어링고배당증권자투자신탁(주식)C-P2e,주식형,4,-6.4,-8.38,-10.24,4.7,1.037,베어링자산운용,다소높은위험을 감수할 수 있는 높은 위험을 감수하며 높은 수익을 기대하시는 분께 추천드리는 주식형 상품으로 최근 12개월 기준 4.70%의 수익률을 기록했습니다.,0
베어링퇴직연금배당40증권자투자신탁1(채권혼합)Ce,채권혼합형,3,-2.2,-2.77,-2.36,4.95,0.603,베어링자산운용,보통위험을 감수할 수 있는 안정성을 추구하면서도 약간의 변화를 받아들일 수 있는 분께 추천드리는 채권혼합형 상품으로 최근 12개월 기준 4.95%의 수익률을 기록했습니다.,1
브이아이퇴직연금굿초이스40증권자투자신탁1호[채권혼합]C-Pe,채권혼합형,3,-2.19,-2.58,-1.56,9.97,0.567,브이아이자산운용,보통위험을 감수할 수 있는 안정성을 추구하면서도 약간의 변화를 받아들일 수 있는 분께 추천드리는 채권혼합형 상품으로 최근 12개월 기준 9.97%의 수익률을 기록했습니다.,1
삼성ABF코리아장기채권인덱스증권투자신탁[채권]Cpe,채권형,3,0.29,0.35,5.66,10.91,0.369,삼성자산운용,보통위험을 감수할 수 있는 안정성을 추구하면서도 약간의 변화를 받아들일 수 있는 분께 추천드리는 채권형 상품으로 최근 12개월 기준 10.91%의 수익률을 기록했습니다.,1
삼성ETF를담은TDF2030증권자투자신탁[혼합-재간접형]Cpe,주식혼합형,3,0.74,4.85,6.46,18.06,0.413,삼성자산운용,보통위험을 감수할 수 있는 안정성을 추구하면서도 약간의 변화를 받아들일 수 있는 분께 추천드리는 주식혼합형 상품으로 최근 12개월 기준 18.06%의 수익률을 기록했습니다.,1
삼성ETF를담은TDF2035증권자투자신탁[혼합-재간접형]Cpe,재간접투자,3,0.82,5.34,6.79,19.13,0.476,삼성자산운용,보통위험을 감수할 수 있는 안정성을 추구하면서도 약간의 변화를 받아들일 수 있는 분께 추천드리는 재간접투자 상품으로 최근 12개월 기준 19.13%의 수익률을 기록했습니다.,1
삼성ETF를담은TDF2040증권자투자신탁[혼합-재간접형]Cpe,주식혼합형,4,0.91,5.73,7.06,20.14,0.582,삼성자산운용,다소높은위험을 감수할 수 있는 높은 위험을 감수하며 높은 수익을 기대하시는 분께 추천드리는 주식혼합형 상품으로 최근 12개월 기준 20.14%의 수익률을 기록했습니다.,2
삼성ETF를담은TDF2045증권자투자신탁[혼합-재간접형]Cpe,주식혼합형,4,0.98,6.13,7.37,21.29,0.573,삼성자산운용,다소높은위험을 감수할 수 있는 높은 위험을 감수하며 높은 수익을 기대하시는 분께 추천드리는 주식혼합형 상품으로 최근 12개월 기준 21.29%의 수익률을 기록했습니다.,2
삼성ETF를담은TDF2050증권자투자신탁[혼합-재간접형]Cpe,주식혼합형,4,1.05,6.48,7.61,22.25,0.588,삼성자산운용,다소높은위험을 감수할 수 있는 높은 위험을 감수하며 높은 수익을 기대하시는 분께 추천드리는 주식혼합형 상품으로 최근 12개월 기준 22.25%의 수익률을 기록했습니다.,2
삼성ETF를담은TDF2055증권자투자신탁[혼합-재간접형]Cpe,주식혼합형,4,1.02,6.6,7.75,22.71,0.567,삼성자산운용,다소높은위험을 감수할 수 있는 높은 위험을 감수하며 높은 수익을 기대하시는 분께 추천드리는 주식혼합형 상품으로 최근 12개월 기준 22.71%의 수익률을 기록했습니다.,2
삼성글로벌다이나믹자산배분증권자투자신탁H[주식혼합-재간접형]Cpe,주식혼합형재간접투자,3,0.08,3.43,5.08,15.68,0.969,삼성자산운용,보통위험을 감수할 수 있는 안정성을 추구하면서도 약간의 변화를 받아들일 수 있는 분께 추천드리는 주식혼합형 상품으로 최근 12개월 기준 15.68%의 수익률을 기록했습니다.,1
삼성글로벌메타버스증권자투자신탁H[주식]Cpe,주식형,5,5.6,17.73,18.76,37.96,1.267,삼성자산운용,높은위험을 감수할 수 있는 높은 위험을 감수하며 높은 수익을 기대하시는 분께 추천드리는 주식형 상품으로 최근 12개월 기준 37.96%의 수익률을 기록했습니다.,2
삼성글로벌메타버스증권자투자신탁UH[주식]Cpe,주식형,5,9.54,21.15,22.76,48.64,1.263,삼성자산운용,높은위험을 감수할 수 있는 높은 위험을 감수하며 높은 수익을 기대하시는 분께 추천드리는 주식형 상품으로 최근 12개월 기준 48.64%의 수익률을 기록했습니다.,2
매우높은위험 e전용 삼성글로벌반도체증권자투자신탁H[주식]Cpe,주식형,6,-2.28,6.36,1.82,31.91,1.295,삼성자산운용,매우높은위험을 감수할 수 있는 높은 위험을 감수하며 높은 수익을 기대하시는 분께 추천드리는 주식형 상품으로 최근 12개월 기준 31.91%의 수익률을 기록했습니다.,2
삼성글로벌반도체증권자투자신탁UH[주식]Cpe,주식형,5,1.39,9.4,6.01,42.06,1.279,삼성자산운용,높은위험을 감수할 수 있는 높은 위험을 감수하며 높은 수익을 기대하시는 분께 추천드리는 주식형 상품으로 최근 12개월 기준 42.06%의 수익률을 기록했습니다.,2
삼성글로벌선진국증권자투자신탁H[주식]Cpe(퇴직연금),주식형,4,1.85,8.74,7.19,25.69,0.797,삼성자산운용,다소높은위험을 감수할 수 있는 높은 위험을 감수하며 높은 수익을 기대하시는 분께 추천드리는 주식형 상품으로 최근 12개월 기준 25.69%의 수익률을 기록했습니다.,2
삼성누버거버먼글로벌인컴증권자투자신탁H[채권-재간접형]Cpe,채권형재간접투자,3,-0.53,0.04,3.7,7.99,0.529,삼성자산운용,보통위험을 감수할 수 있는 안정성을 추구하면서도 약간의 변화를 받아들일 수 있는 분께 추천드리는 채권형 상품으로 최근 12개월 기준 7.99%의 수익률을 기록했습니다.,1
삼성누버거버먼미국리츠부동산자투자신탁H[REITs-재간접형]Cpe,재간접투자,5,-0.01,3.62,15.5,25.51,1.497,삼성자산운용,높은위험을 감수할 수 있는 높은 위험을 감수하며 높은 수익을 기대하시는 분께 추천드리는 재간접투자 상품으로 최근 12개월 기준 25.51%의 수익률을 기록했습니다.,2
삼성누버거버먼이머징단기채권증권자투자신탁H[채권-재간접형]Cpe,채권형재간접투자,2,0.51,1.98,3.83,9.01,0.529,삼성자산운용,낮은위험을 감수할 수 있는 안정성을 가장 중요하게 생각하시는 분께 추천드리는 채권형 상품으로 최근 12개월 기준 9.01%의 수익률을 기록했습니다.,1
삼성누버거버먼이머징단기채권증권자투자신탁UH[채권-재간접형]Cpe,채권형재간접투자,3,4.4,4.76,7.27,17.02,0.521,삼성자산운용,보통위험을 감수할 수 있는 안정성을 추구하면서도 약간의 변화를 받아들일 수 있는 분께 추천드리는 채권형 상품으로 최근 12개월 기준 17.02%의 수익률을 기록했습니다.,1
삼성누버거버먼차이나증권자투자신탁H[주식-재간접형]Cpe(퇴직연금),주식형,5,-6.07,17.68,5.04,14.77,0.66,삼성자산운용,높은위험을 감수할 수 있는 높은 위험을 감수하며 높은 수익을 기대하시는 분께 추천드리는 주식형 상품으로 최근 12개월 기준 14.77%의 수익률을 기록했습니다.,0
삼성아세안증권자투자신탁제2호[주식]Cpe(퇴직연금),주식형,4,3.36,10.52,18.39,35.47,1.35,삼성자산운용,다소높은위험을 감수할 수 있는 높은 위험을 감수하며 높은 수익을 기대하시는 분께 추천드리는 주식형 상품으로 최근 12개월 기준 35.47%의 수익률을 기록했습니다.,2
삼성일본중소형FOCUS증권자투자신탁H[주식]Cpe,주식형,5,0.21,10.97,4.24,16.51,1.387,삼성자산운용,높은위험을 감수할 수 있는 높은 위험을 감수하며 높은 수익을 기대하시는 분께 추천드리는 주식형 상품으로 최근 12개월 기준 16.51%의 수익률을 기록했습니다.,2
삼성퇴직연금OCIO솔루션밸런스증권투자신탁[채권혼합-재간접형]Ce,채권혼합형재간접투자,3,0.07,0.25,3.82,12.69,0.237,삼성자산운용,보통위험을 감수할 수 있는 안정성을 추구하면서도 약간의 변화를 받아들일 수 있는 분께 추천드리는 채권혼합형 상품으로 최근 12개월 기준 12.69%의 수익률을 기록했습니다.,1
삼성퇴직연금액티브배당증권자투자신탁제1호[주식]Ce,주식형,4,-6.39,-8.46,-11.04,2.27,0.692,삼성자산운용,다소높은위험을 감수할 수 있는 높은 위험을 감수하며 높은 수익을 기대하시는 분께 추천드리는 주식형 상품으로 최근 12개월 기준 2.27%의 수익률을 기록했습니다.,0
삼성퇴직연금인덱스증권자투자신탁1[주식]Ce,주식형,5,-7.46,-10.2,-13.21,0.63,0.415,삼성자산운용,높은위험을 감수할 수 있는 높은 위험을 감수하며 높은 수익을 기대하시는 분께 추천드리는 주식형 상품으로 최근 12개월 기준 0.63%의 수익률을 기록했습니다.,0
삼성퇴직연금중기국공채증권자투자신탁[채권]Ce,채권형,2,0.29,0.68,2.34,5.11,0.263,삼성자산운용,낮은위험을 감수할 수 있는 안정성을 가장 중요하게 생각하시는 분께 추천드리는 채권형 상품으로 최근 12개월 기준 5.11%의 수익률을 기록했습니다.,1
삼성퇴직연금코리아대표40증권자투자신탁1[채권혼합]Ce,채권혼합형,3,-1.93,-2.04,-0.94,6.78,0.527,삼성자산운용,보통위험을 감수할 수 있는 안정성을 추구하면서도 약간의 변화를 받아들일 수 있는 분께 추천드리는 채권혼합형 상품으로 최근 12개월 기준 6.78%의 수익률을 기록했습니다.,1
삼성퇴직연금코리아중소형40증권자투자신탁1[채권혼합]Ce,채권혼합형,3,-2.7,-3.56,-3.03,6.04,0.599,삼성자산운용,보통위험을 감수할 수 있는 안정성을 추구하면서도 약간의 변화를 받아들일 수 있는 분께 추천드리는 채권혼합형 상품으로 최근 12개월 기준 6.04%의 수익률을 기록했습니다.,1
삼성퇴직연금패시브배당안정40증권자투자신탁제1호[채권혼합]Ce,채권혼합형,2,-1.48,-2.02,-0.95,6.79,0.275,삼성자산운용,낮은위험을 감수할 수 있는 안정성을 가장 중요하게 생각하시는 분께 추천드리는 채권혼합형 상품으로 최근 12개월 기준 6.79%의 수익률을 기록했습니다.,1
삼성평생소득TIF20증권자투자신탁H[채권혼합-재간접형]_Cpe(퇴직연금),채권혼합형재간접투자,2,-0.43,0.43,2.73,7.78,0.454,삼성자산운용,낮은위험을 감수할 수 있는 안정성을 가장 중요하게 생각하시는 분께 추천드리는 채권혼합형 상품으로 최근 12개월 기준 7.78%의 수익률을 기록했습니다.,1
삼성평생소득TIF40증권자투자신탁H[채권혼합-재간접형]_Cpe(퇴직연금),채권혼합형재간접투자,3,-0.31,2.12,4.13,12.74,0.517,삼성자산운용,보통위험을 감수할 수 있는 안정성을 추구하면서도 약간의 변화를 받아들일 수 있는 분께 추천드리는 채권혼합형 상품으로 최근 12개월 기준 12.74%의 수익률을 기록했습니다.,1
삼성한국형TDF2020증권투자신탁H[채권혼합-재간접형]_Cpe(퇴직연금),채권혼합형,3,-0.14,2.45,4.32,13.26,0.432,삼성자산운용,보통위험을 감수할 수 있는 안정성을 추구하면서도 약간의 변화를 받아들일 수 있는 분께 추천드리는 채권혼합형 상품으로 최근 12개월 기준 13.26%의 수익률을 기록했습니다.,1
삼성한국형TDF2025증권투자신탁H[주식혼합-재간접형]_Cpe(퇴직연금),주식혼합형재간접투자,3,-0.13,2.69,4.45,14.17,0.442,삼성자산운용,보통위험을 감수할 수 있는 안정성을 추구하면서도 약간의 변화를 받아들일 수 있는 분께 추천드리는 주식혼합형 상품으로 최근 12개월 기준 14.17%의 수익률을 기록했습니다.,1
삼성한국형TDF2030증권투자신탁H[주식혼합-재간접형]_Cpe(퇴직연금),주식혼합형재간접투자,4,-0.09,3.76,4.98,17.18,0.441,삼성자산운용,다소높은위험을 감수할 수 있는 높은 위험을 감수하며 높은 수익을 기대하시는 분께 추천드리는 주식혼합형 상품으로 최근 12개월 기준 17.18%의 수익률을 기록했습니다.,2
삼성한국형TDF2035증권투자신탁H[주식혼합-재간접형]_Cpe(퇴직연금),주식혼합형재간접투자,4,-0.03,4.42,5.26,18.67,0.562,삼성자산운용,다소높은위험을 감수할 수 있는 높은 위험을 감수하며 높은 수익을 기대하시는 분께 추천드리는 주식혼합형 상품으로 최근 12개월 기준 18.67%의 수익률을 기록했습니다.,2
삼성한국형TDF2040증권투자신탁H[주식혼합-재간접형]_Cpe(퇴직연금),주식혼합형재간접투자,4,0.01,4.65,5.28,19.0,0.701,삼성자산운용,다소높은위험을 감수할 수 있는 높은 위험을 감수하며 높은 수익을 기대하시는 분께 추천드리는 주식혼합형 상품으로 최근 12개월 기준 19.00%의 수익률을 기록했습니다.,2
삼성한국형TDF2045증권투자신탁H[주식혼합-재간접형]_Cpe(퇴직연금),주식혼합형재간접투자,4,0.04,4.91,5.38,19.61,0.7,삼성자산운용,다소높은위험을 감수할 수 있는 높은 위험을 감수하며 높은 수익을 기대하시는 분께 추천드리는 주식혼합형 상품으로 최근 12개월 기준 19.61%의 수익률을 기록했습니다.,2
삼성한국형TDF2050증권투자신탁H[주식혼합-재간접형]Cpe,주식혼합형재간접투자,4,0.06,5.15,5.57,20.27,0.711,삼성자산운용,다소높은위험을 감수할 수 있는 높은 위험을 감수하며 높은 수익을 기대하시는 분께 추천드리는 주식혼합형 상품으로 최근 12개월 기준 20.27%의 수익률을 기록했습니다.,2
"슈로더BIC(브라질,인도,중국)퇴직연금밸런스드40증권자투자신탁(채권혼합-재간접형)C-e ",채권혼합형재간접투자,3,-2.11,3.09,2.72,6.89,0.71,슈로더투자신탁운용,보통위험을 감수할 수 있는 안정성을 추구하면서도 약간의 변화를 받아들일 수 있는 분께 추천드리는 채권혼합형 상품으로 최근 12개월 기준 6.89%의 수익률을 기록했습니다.,1
슈로더글로벌타겟리턴증권투자신탁(주식혼합-재간접형)C-CPe(퇴직연금),주식혼합형재간접투자,2,0.65,4.05,4.87,13.33,1.057,슈로더투자신탁운용,낮은위험을 감수할 수 있는 안정성을 가장 중요하게 생각하시는 분께 추천드리는 주식혼합형 상품으로 최근 12개월 기준 13.33%의 수익률을 기록했습니다.,1
슈로더다이나믹아시아증권자투자신탁(주식-재간접형)C-CPe,주식형재간접투자,5,-6.63,1.97,0.47,11.4,1.312,슈로더투자신탁운용,높은위험을 감수할 수 있는 높은 위험을 감수하며 높은 수익을 기대하시는 분께 추천드리는 주식형 상품으로 최근 12개월 기준 11.40%의 수익률을 기록했습니다.,0
슈로더유로증권자투자신탁(주식-재간접형)C-CPe(퇴직연금),주식형재간접투자,5,-1.44,2.9,-2.29,17.52,1.312,슈로더투자신탁운용,높은위험을 감수할 수 있는 높은 위험을 감수하며 높은 수익을 기대하시는 분께 추천드리는 주식형 상품으로 최근 12개월 기준 17.52%의 수익률을 기록했습니다.,2
신영마라톤증권자투자신탁(주식)C-P2e,주식형,5,-8.28,-9.98,-14.16,-1.09,0.917,신영자산운용,높은위험을 감수할 수 있는 높은 위험을 감수하며 높은 수익을 기대하시는 분께 추천드리는 주식형 상품으로 최근 12개월 기준 -1.09%의 수익률을 기록했습니다.,0
신영밸류고배당증권자투자신탁(주식)C-P2e,주식형,4,-5.95,-8.17,-9.01,5.18,0.842,신영자산운용,다소높은위험을 감수할 수 있는 높은 위험을 감수하며 높은 수익을 기대하시는 분께 추천드리는 주식형 상품으로 최근 12개월 기준 5.18%의 수익률을 기록했습니다.,0
신영퇴직연금가치40증권자투자신탁(채권혼합)C-E,채권혼합형,3,-2.54,-3.88,-3.24,4.45,0.535,신영자산운용,보통위험을 감수할 수 있는 안정성을 추구하면서도 약간의 변화를 받아들일 수 있는 분께 추천드리는 채권혼합형 상품으로 최근 12개월 기준 4.45%의 수익률을 기록했습니다.,1
신영퇴직연금배당주식증권자투자신탁(주식)C-E,주식형,4,-5.4,-8.31,-12.84,0.13,0.795,신영자산운용,다소높은위험을 감수할 수 있는 높은 위험을 감수하며 높은 수익을 기대하시는 분께 추천드리는 주식형 상품으로 최근 12개월 기준 0.13%의 수익률을 기록했습니다.,0
신한TRF안정형OCIO솔루션증권투자신탁[혼합-재간접형]C-re,채권혼합형재간접투자,4,1.73,6.23,7.39,16.54,0.566,신한자산운용,다소높은위험을 감수할 수 있는 높은 위험을 감수하며 높은 수익을 기대하시는 분께 추천드리는 채권혼합형 상품으로 최근 12개월 기준 16.54%의 수익률을 기록했습니다.,2
신한글로벌탄소중립솔루션증권투자신탁(H)(주식)C-re,주식형,5,11.54,27.69,16.65,32.12,1.339,신한자산운용,높은위험을 감수할 수 있는 높은 위험을 감수하며 높은 수익을 기대하시는 분께 추천드리는 주식형 상품으로 최근 12개월 기준 32.12%의 수익률을 기록했습니다.,2
신한마음편한TDF2025증권투자신탁[주식혼합-재간접형](C-re),주식혼합형재간접투자,3,1.14,2.44,5.06,14.27,0.49,신한자산운용,보통위험을 감수할 수 있는 안정성을 추구하면서도 약간의 변화를 받아들일 수 있는 분께 추천드리는 주식혼합형 상품으로 최근 12개월 기준 14.27%의 수익률을 기록했습니다.,1
신한마음편한TDF2030증권투자신탁[주식혼합-재간접형](C-re),주식혼합형재간접투자,4,1.39,3.31,6.27,18.09,0.495,신한자산운용,다소높은위험을 감수할 수 있는 높은 위험을 감수하며 높은 수익을 기대하시는 분께 추천드리는 주식혼합형 상품으로 최근 12개월 기준 18.09%의 수익률을 기록했습니다.,2
신한마음편한TDF2035증권투자신탁[주식혼합-재간접형](C-re),주식혼합형재간접투자,4,1.48,4.13,6.71,20.37,0.614,신한자산운용,다소높은위험을 감수할 수 있는 높은 위험을 감수하며 높은 수익을 기대하시는 분께 추천드리는 주식혼합형 상품으로 최근 12개월 기준 20.37%의 수익률을 기록했습니다.,2
신한마음편한TDF2040증권투자신탁[주식혼합-재간접형](C-re),주식혼합형재간접투자,5,1.59,4.86,7.01,22.09,0.765,신한자산운용,높은위험을 감수할 수 있는 높은 위험을 감수하며 높은 수익을 기대하시는 분께 추천드리는 주식혼합형 상품으로 최근 12개월 기준 22.09%의 수익률을 기록했습니다.,2
신한마음편한TDF2045증권투자신탁[주식혼합-재간접형](C-re),주식혼합형재간접투자,5,1.62,5.45,7.24,23.38,0.762,신한자산운용,높은위험을 감수할 수 있는 높은 위험을 감수하며 높은 수익을 기대하시는 분께 추천드리는 주식혼합형 상품으로 최근 12개월 기준 23.38%의 수익률을 기록했습니다.,2
신한마음편한TDF2050증권투자신탁[주식혼합-재간접형](C-re),주식혼합형재간접투자,4,1.65,5.94,7.44,24.22,0.77,신한자산운용,다소높은위험을 감수할 수 있는 높은 위험을 감수하며 높은 수익을 기대하시는 분께 추천드리는 주식혼합형 상품으로 최근 12개월 기준 24.22%의 수익률을 기록했습니다.,2
신한미국S&P500인덱스증권자투자신탁(H)[주식-파생형]C-re,주식형,5,3.45,11.51,13.49,32.52,0.295,신한자산운용,높은위험을 감수할 수 있는 높은 위험을 감수하며 높은 수익을 기대하시는 분께 추천드리는 주식형 상품으로 최근 12개월 기준 32.52%의 수익률을 기록했습니다.,2
신한미국S&P500인덱스증권자투자신탁(UH)[주식-파생형]C-re,주식형,5,7.46,14.76,17.61,42.21,0.295,신한자산운용,높은위험을 감수할 수 있는 높은 위험을 감수하며 높은 수익을 기대하시는 분께 추천드리는 주식형 상품으로 최근 12개월 기준 42.21%의 수익률을 기록했습니다.,2
신한미국나스닥100인덱스증권자투자신탁(H)[주식-파생형]C-re,주식형,5,4.0,13.03,14.49,31.99,0.3,신한자산운용,높은위험을 감수할 수 있는 높은 위험을 감수하며 높은 수익을 기대하시는 분께 추천드리는 주식형 상품으로 최근 12개월 기준 31.99%의 수익률을 기록했습니다.,2
신한미국나스닥100인덱스증권자투자신탁(UH)[주식-파생형]C-re,주식형,5,8.09,16.35,18.71,42.43,0.3,신한자산운용,높은위험을 감수할 수 있는 높은 위험을 감수하며 높은 수익을 기대하시는 분께 추천드리는 주식형 상품으로 최근 12개월 기준 42.43%의 수익률을 기록했습니다.,2
신한비앤피파리바미국스몰캡증권자투자신탁(H)[주식-재간접형]C-re,주식형재간접투자,5,9.08,9.87,8.26,31.09,0.596,신한자산운용,높은위험을 감수할 수 있는 높은 위험을 감수하며 높은 수익을 기대하시는 분께 추천드리는 주식형 상품으로 최근 12개월 기준 31.09%의 수익률을 기록했습니다.,2
신한삼성전자알파증권자투자신탁제1호[채권혼합]C-re,채권혼합형,2,-2.58,-7.17,-6.82,-2.5,0.552,신한자산운용,낮은위험을 감수할 수 있는 안정성을 가장 중요하게 생각하시는 분께 추천드리는 채권혼합형 상품으로 최근 12개월 기준 -2.50%의 수익률을 기록했습니다.,1
신한중소형주알파성과연동보수증권자투자신탁(온라인전용)[주식]C-re,주식형,5,-7.55,-9.54,-20.06,-9.07,0.865,신한자산운용,높은위험을 감수할 수 있는 높은 위험을 감수하며 높은 수익을 기대하시는 분께 추천드리는 주식형 상품으로 최근 12개월 기준 -9.07%의 수익률을 기록했습니다.,0
알파시나브로공모주증권투자신탁1호[주식혼합]P-E,주식혼합형,2,-0.96,-0.84,-0.36,3.62,0.762,알파자산운용,낮은위험을 감수할 수 있는 안정성을 가장 중요하게 생각하시는 분께 추천드리는 주식혼합형 상품으로 최근 12개월 기준 3.62%의 수익률을 기록했습니다.,1
에셋플러스글로벌리치투게더40증권자투자신탁1호[채권혼합]C-P2e,채권혼합형,3,1.71,4.58,5.14,14.55,0.858,에셋플러스자산운용,보통위험을 감수할 수 있는 안정성을 추구하면서도 약간의 변화를 받아들일 수 있는 분께 추천드리는 채권혼합형 상품으로 최근 12개월 기준 14.55%의 수익률을 기록했습니다.,1
에셋플러스글로벌리치투게더퇴직연금증권자투자신탁1[주식]Ce,주식형,5,4.16,11.48,9.84,31.84,1.232,에셋플러스자산운용,높은위험을 감수할 수 있는 높은 위험을 감수하며 높은 수익을 기대하시는 분께 추천드리는 주식형 상품으로 최근 12개월 기준 31.84%의 수익률을 기록했습니다.,2
에셋플러스차이나리치투게더40증권자투자신탁1호[채권혼합]C-P2e,채권혼합형,3,-1.6,6.16,3.18,12.25,0.833,에셋플러스자산운용,보통위험을 감수할 수 있는 안정성을 추구하면서도 약간의 변화를 받아들일 수 있는 분께 추천드리는 채권혼합형 상품으로 최근 12개월 기준 12.25%의 수익률을 기록했습니다.,1
에셋플러스차이나리치투게더퇴직연금증권자투자신탁1호(주식)Ce,주식형,5,-4.33,15.15,4.64,24.39,1.232,에셋플러스자산운용,높은위험을 감수할 수 있는 높은 위험을 감수하며 높은 수익을 기대하시는 분께 추천드리는 주식형 상품으로 최근 12개월 기준 24.39%의 수익률을 기록했습니다.,2
에셋플러스코리아리치투게더퇴직연금증권자투자신탁1호(주식)Ce,주식형,5,-4.63,-0.59,-7.01,-1.58,1.101,에셋플러스자산운용,높은위험을 감수할 수 있는 높은 위험을 감수하며 높은 수익을 기대하시는 분께 추천드리는 주식형 상품으로 최근 12개월 기준 -1.58%의 수익률을 기록했습니다.,0
에셋플러스해피드림투게더퇴직연금증권자투자신탁1호(주식혼합)Ce,주식혼합형,3,-1.21,-1.73,-1.75,3.98,0.994,에셋플러스자산운용,보통위험을 감수할 수 있는 안정성을 추구하면서도 약간의 변화를 받아들일 수 있는 분께 추천드리는 주식혼합형 상품으로 최근 12개월 기준 3.98%의 수익률을 기록했습니다.,1
계열사 우리BIG2플러스증권투자신탁(채권혼합)C-Pe,채권혼합형,3,-2.68,-3.85,-2.35,5.75,0.545,우리자산운용,보통위험을 감수할 수 있는 안정성을 추구하면서도 약간의 변화를 받아들일 수 있는 분께 추천드리는 채권혼합형 상품으로 최근 12개월 기준 5.75%의 수익률을 기록했습니다.,1
계열사 우리PIMCO글로벌투자등급증권자투자신탁[채권_재간접형](H)Pe1,채권형재간접투자,3,-0.32,0.11,3.07,8.19,0.453,우리자산운용,보통위험을 감수할 수 있는 안정성을 추구하면서도 약간의 변화를 받아들일 수 있는 분께 추천드리는 채권형 상품으로 최근 12개월 기준 8.19%의 수익률을 기록했습니다.,1
계열사 우리PIMCO다이나믹멀티에셋증권자투자신탁[주식혼합_재간접형](H)Pe1,주식혼합형재간접투자,3,-0.25,2.57,3.77,10.7,0.453,우리자산운용,보통위험을 감수할 수 있는 안정성을 추구하면서도 약간의 변화를 받아들일 수 있는 분께 추천드리는 주식혼합형 상품으로 최근 12개월 기준 10.70%의 수익률을 기록했습니다.,1
계열사 우리PIMCO분산투자증권자투자신탁[채권_재간접형](H)Pe1,채권형재간접투자,3,0.24,1.42,4.19,11.01,0.467,우리자산운용,보통위험을 감수할 수 있는 안정성을 추구하면서도 약간의 변화를 받아들일 수 있는 분께 추천드리는 채권형 상품으로 최근 12개월 기준 11.01%의 수익률을 기록했습니다.,1
계열사 우리PIMCO토탈리턴증권자투자신탁[채권_재간접형](H)Pe1,채권형재간접투자,3,-1.66,-1.54,2.09,6.62,0.417,우리자산운용,보통위험을 감수할 수 있는 안정성을 추구하면서도 약간의 변화를 받아들일 수 있는 분께 추천드리는 채권형 상품으로 최근 12개월 기준 6.62%의 수익률을 기록했습니다.,1
계열사 우리공모주10증권투자신탁(채권혼합)Pe1,채권혼합형,2,0.26,0.74,1.16,5.3,0.466,우리자산운용,낮은위험을 감수할 수 있는 안정성을 가장 중요하게 생각하시는 분께 추천드리는 채권혼합형 상품으로 최근 12개월 기준 5.30%의 수익률을 기록했습니다.,1
계열사 우리국공채중소형고배당20증권자투자신탁1호(채권혼합)C-Pe,채권혼합형,2,-1.08,-0.65,0.53,4.34,0.667,우리자산운용,낮은위험을 감수할 수 있는 안정성을 가장 중요하게 생각하시는 분께 추천드리는 채권혼합형 상품으로 최근 12개월 기준 4.34%의 수익률을 기록했습니다.,1
계열사 우리나라기업가치향상증권자투자신탁[주식]Pe1,주식형,5,-7.33,-9.71,-12.08,2.48,1.102,우리자산운용,높은위험을 감수할 수 있는 높은 위험을 감수하며 높은 수익을 기대하시는 분께 추천드리는 주식형 상품으로 최근 12개월 기준 2.48%의 수익률을 기록했습니다.,0
계열사 우리다같이OCIO타겟리턴증권자투자신탁(채권혼합-재간접형)C-Pe,채권혼합형,3,1.07,2.77,4.69,13.55,0.437,우리자산운용,보통위험을 감수할 수 있는 안정성을 추구하면서도 약간의 변화를 받아들일 수 있는 분께 추천드리는 채권혼합형 상품으로 최근 12개월 기준 13.55%의 수익률을 기록했습니다.,1
계열사 우리다같이TDF2025증권투자신탁(혼합-재간접형)C-Pe,주식혼합형재간접투자,3,1.64,3.97,6.31,15.79,0.409,우리자산운용,보통위험을 감수할 수 있는 안정성을 추구하면서도 약간의 변화를 받아들일 수 있는 분께 추천드리는 주식혼합형 상품으로 최근 12개월 기준 15.79%의 수익률을 기록했습니다.,1
계열사 우리다같이TDF2030증권투자신탁(혼합-재간접형)C-Pe,주식혼합형채권혼합형재간접투자,3,2.09,4.95,6.91,17.93,0.44,우리자산운용,보통위험을 감수할 수 있는 안정성을 추구하면서도 약간의 변화를 받아들일 수 있는 분께 추천드리는 주식혼합형 상품으로 최근 12개월 기준 17.93%의 수익률을 기록했습니다.,1
계열사 우리다같이TDF2035증권투자신탁(혼합-재간접형)C-Pe,주식혼합형재간접투자,3,2.39,5.61,7.31,19.66,0.539,우리자산운용,보통위험을 감수할 수 있는 안정성을 추구하면서도 약간의 변화를 받아들일 수 있는 분께 추천드리는 주식혼합형 상품으로 최근 12개월 기준 19.66%의 수익률을 기록했습니다.,1
계열사 우리다같이TDF2040증권투자신탁(혼합-재간접형)C-Pe,주식혼합형재간접투자,4,2.61,6.03,7.48,20.91,0.616,우리자산운용,다소높은위험을 감수할 수 있는 높은 위험을 감수하며 높은 수익을 기대하시는 분께 추천드리는 주식혼합형 상품으로 최근 12개월 기준 20.91%의 수익률을 기록했습니다.,2
계열사 우리다같이TDF2045증권투자신탁(혼합-재간접형)C-Pe,주식혼합형재간접투자,4,2.82,6.53,7.68,22.03,0.691,우리자산운용,다소높은위험을 감수할 수 있는 높은 위험을 감수하며 높은 수익을 기대하시는 분께 추천드리는 주식혼합형 상품으로 최근 12개월 기준 22.03%의 수익률을 기록했습니다.,2
계열사 우리다같이TDF2050증권투자신탁(혼합-재간접형)C-Pe,주식혼합형재간접투자,4,2.94,6.83,7.73,22.53,0.735,우리자산운용,다소높은위험을 감수할 수 있는 높은 위험을 감수하며 높은 수익을 기대하시는 분께 추천드리는 주식혼합형 상품으로 최근 12개월 기준 22.53%의 수익률을 기록했습니다.,2
우리단기채권증권투자신탁(채권)C-Pe,채권형,1,0.3,0.88,2.06,5.06,0.225,우리자산운용,매우낮은위험을 감수할 수 있는 안정성을 가장 중요하게 생각하시는 분께 추천드리는 채권형 상품으로 최근 12개월 기준 5.06%의 수익률을 기록했습니다.,1
계열사 우리라이징코리아증권자투자신탁1호(주식)C-Pe,주식형,5,-7.0,-9.39,-13.02,2.2,1.209,우리자산운용,높은위험을 감수할 수 있는 높은 위험을 감수하며 높은 수익을 기대하시는 분께 추천드리는 주식형 상품으로 최근 12개월 기준 2.20%의 수익률을 기록했습니다.,0
계열사 우리뱅크플러스공모주10증권자투자신탁2호(채권혼합)C-Pe,채권혼합형,2,0.28,0.74,1.48,4.93,0.469,우리자산운용,낮은위험을 감수할 수 있는 안정성을 가장 중요하게 생각하시는 분께 추천드리는 채권혼합형 상품으로 최근 12개월 기준 4.93%의 수익률을 기록했습니다.,1
계열사 우리삼성그룹증권자투자신탁1호(주식)C-Pe,주식형,5,-6.43,-11.37,-13.89,-2.37,0.919,우리자산운용,높은위험을 감수할 수 있는 높은 위험을 감수하며 높은 수익을 기대하시는 분께 추천드리는 주식형 상품으로 최근 12개월 기준 -2.37%의 수익률을 기록했습니다.,0
계열사 우리스마트뉴딜증권투자신탁1호(주식)ClassC-Pe,주식형,5,-8.14,-7.4,-7.04,-8.25,0.979,우리자산운용,높은위험을 감수할 수 있는 높은 위험을 감수하며 높은 수익을 기대하시는 분께 추천드리는 주식형 상품으로 최근 12개월 기준 -8.25%의 수익률을 기록했습니다.,0
계열사 우리아티잰글로벌그로스증권자투자신탁[주식_재간접형](H)Pe1,주식형재간접투자,5,1.28,8.28,6.31,30.28,0.583,우리자산운용,높은위험을 감수할 수 있는 높은 위험을 감수하며 높은 수익을 기대하시는 분께 추천드리는 주식형 상품으로 최근 12개월 기준 30.28%의 수익률을 기록했습니다.,2
계열사 우리알리안츠인컴앤그로스증권자투자신탁[주식혼합_재간접형](H)Pe1,재간접투자,4,2.24,6.19,6.34,17.01,0.367,우리자산운용,다소높은위험을 감수할 수 있는 높은 위험을 감수하며 높은 수익을 기대하시는 분께 추천드리는 재간접투자 상품으로 최근 12개월 기준 17.01%의 수익률을 기록했습니다.,2
매우낮은위험 e전용 계열사 우리위비개인MMF1호(국공채)C-Pe,MMF,1,0.27,0.83,1.71,3.56,0.244,우리자산운용,매우낮은위험을 감수할 수 있는 안정성을 가장 중요하게 생각하시는 분께 추천드리는 MMF 상품으로 최근 12개월 기준 3.56%의 수익률을 기록했습니다.,1
계열사 우리재팬증권자투자신탁(UH)(주식)C-Pe,주식형,5,2.61,10.83,5.81,0.0,1.384,우리자산운용,높은위험을 감수할 수 있는 높은 위험을 감수하며 높은 수익을 기대하시는 분께 추천드리는 주식형 상품으로 최근 12개월 기준 0.00%의 수익률을 기록했습니다.,0
계열사 우리재팬증권자투자신탁(주식)C-Pe,주식형,5,2.67,12.82,2.87,0.0,1.185,우리자산운용,높은위험을 감수할 수 있는 높은 위험을 감수하며 높은 수익을 기대하시는 분께 추천드리는 주식형 상품으로 최근 12개월 기준 0.00%의 수익률을 기록했습니다.,0
계열사 우리중소형고배당30증권투자신탁1호(채권혼합)C-Pe,채권혼합형,3,-2.4,-2.1,-1.63,1.81,0.763,우리자산운용,보통위험을 감수할 수 있는 안정성을 추구하면서도 약간의 변화를 받아들일 수 있는 분께 추천드리는 채권혼합형 상품으로 최근 12개월 기준 1.81%의 수익률을 기록했습니다.,1
계열사 우리중소형고배당증권자투자신탁1호(주식)C-Pe,주식형,5,-8.03,-6.85,-9.54,-0.06,0.899,우리자산운용,높은위험을 감수할 수 있는 높은 위험을 감수하며 높은 수익을 기대하시는 분께 추천드리는 주식형 상품으로 최근 12개월 기준 -0.06%의 수익률을 기록했습니다.,0
계열사 우리지속가능ESG증권자투자신탁1호(주식)C-Pe,주식형,5,-6.7,-8.79,-13.05,1.78,1.017,우리자산운용,높은위험을 감수할 수 있는 높은 위험을 감수하며 높은 수익을 기대하시는 분께 추천드리는 주식형 상품으로 최근 12개월 기준 1.78%의 수익률을 기록했습니다.,0
계열사 우리차이나전환사채증권자투자신탁H(채권혼합)C-Pe,채권혼합형,3,0.15,-1.54,-5.42,-4.27,1.048,우리자산운용,보통위험을 감수할 수 있는 안정성을 추구하면서도 약간의 변화를 받아들일 수 있는 분께 추천드리는 채권혼합형 상품으로 최근 12개월 기준 -4.27%의 수익률을 기록했습니다.,1
계열사 우리차이나전환사채증권자투자신탁UH(채권혼합)C-Pe,채권혼합형,3,0.36,-2.62,-5.63,-0.83,1.043,우리자산운용,보통위험을 감수할 수 있는 안정성을 추구하면서도 약간의 변화를 받아들일 수 있는 분께 추천드리는 채권혼합형 상품으로 최근 12개월 기준 -0.83%의 수익률을 기록했습니다.,1
계열사 우리코리아ESG증권자투자신탁[주식]Pe1,주식형,5,-6.67,-8.76,-12.6,3.76,0.95,우리자산운용,높은위험을 감수할 수 있는 높은 위험을 감수하며 높은 수익을 기대하시는 분께 추천드리는 주식형 상품으로 최근 12개월 기준 3.76%의 수익률을 기록했습니다.,0
계열사 우리퇴직연금가치40증권자투자신탁1호(채권혼합)C-e,채권혼합형,3,-2.1,-2.86,-1.89,6.52,0.537,우리자산운용,보통위험을 감수할 수 있는 안정성을 추구하면서도 약간의 변화를 받아들일 수 있는 분께 추천드리는 채권혼합형 상품으로 최근 12개월 기준 6.52%의 수익률을 기록했습니다.,1
계열사 우리프랭클린인디아증권자투자신탁(UH)(주식-재간접형)P-e,주식형,5,0.92,2.37,11.99,32.69,0.596,우리자산운용,높은위험을 감수할 수 있는 높은 위험을 감수하며 높은 수익을 기대하시는 분께 추천드리는 주식형 상품으로 최근 12개월 기준 32.69%의 수익률을 기록했습니다.,2
계열사 우리프랭클린테크놀로지증권자투자신탁(H)(주식-재간접형)C-Pe,주식형,5,3.25,13.85,13.71,35.08,1.394,우리자산운용,높은위험을 감수할 수 있는 높은 위험을 감수하며 높은 수익을 기대하시는 분께 추천드리는 주식형 상품으로 최근 12개월 기준 35.08%의 수익률을 기록했습니다.,2
계열사 우리프랭클린테크놀로지증권자투자신탁(UH)(주식-재간접형)C-Pe,주식형,5,7.86,18.36,19.0,48.96,1.392,우리자산운용,높은위험을 감수할 수 있는 높은 위험을 감수하며 높은 수익을 기대하시는 분께 추천드리는 주식형 상품으로 최근 12개월 기준 48.96%의 수익률을 기록했습니다.,2
계열사 우리하이플러스국공채증권자투자신탁1호(국공채)Class C-Pe,채권형,2,0.26,0.56,2.66,5.43,0.352,우리자산운용,낮은위험을 감수할 수 있는 안정성을 가장 중요하게 생각하시는 분께 추천드리는 채권형 상품으로 최근 12개월 기준 5.43%의 수익률을 기록했습니다.,1
계열사 우리하이플러스단기우량ESG채권증권자투자신탁1호(채권)C-Pe,채권형,2,0.31,0.84,2.02,4.21,0.252,우리자산운용,낮은위험을 감수할 수 있는 안정성을 가장 중요하게 생각하시는 분께 추천드리는 채권형 상품으로 최근 12개월 기준 4.21%의 수익률을 기록했습니다.,1
계열사 우리하이플러스채권증권자투자신탁1호(채권)C-Pe,채권형,2,0.29,0.88,2.47,5.81,0.274,우리자산운용,낮은위험을 감수할 수 있는 안정성을 가장 중요하게 생각하시는 분께 추천드리는 채권형 상품으로 최근 12개월 기준 5.81%의 수익률을 기록했습니다.,1
유경PSG좋은생각자산배분형증권투자신탁(주식혼합형)C-Pe2,주식혼합형,5,-6.65,-9.12,-11.78,2.92,1.082,유경PSG자산운용주식회사,높은위험을 감수할 수 있는 높은 위험을 감수하며 높은 수익을 기대하시는 분께 추천드리는 주식혼합형 상품으로 최근 12개월 기준 2.92%의 수익률을 기록했습니다.,0
유경플레인바닐라글로벌자산배분증권자투자신탁(주식)C-Pe2,주식형,5,3.14,9.06,6.5,31.35,1.344,유경PSG자산운용주식회사,높은위험을 감수할 수 있는 높은 위험을 감수하며 높은 수익을 기대하시는 분께 추천드리는 주식형 상품으로 최근 12개월 기준 31.35%의 수익률을 기록했습니다.,2
유리글로벌Top10주식과단기채증권자투자신탁(채권혼합)C-P1e,채권혼합형,3,1.54,3.95,6.02,14.46,0.597,유리자산운용,보통위험을 감수할 수 있는 안정성을 추구하면서도 약간의 변화를 받아들일 수 있는 분께 추천드리는 채권혼합형 상품으로 최근 12개월 기준 14.46%의 수익률을 기록했습니다.,1
유리빠른환매미국성장주증권투자신탁[주식-재간접형]C-P1e,주식형,5,3.38,11.14,13.32,33.96,0.464,유리자산운용,높은위험을 감수할 수 있는 높은 위험을 감수하며 높은 수익을 기대하시는 분께 추천드리는 주식형 상품으로 최근 12개월 기준 33.96%의 수익률을 기록했습니다.,2
매우높은위험 e전용 유리필라델피아반도체인덱스증권자투자신탁H(주식)C-P1e,주식형,6,-2.9,6.16,4.46,33.44,0.881,유리자산운용,매우높은위험을 감수할 수 있는 높은 위험을 감수하며 높은 수익을 기대하시는 분께 추천드리는 주식형 상품으로 최근 12개월 기준 33.44%의 수익률을 기록했습니다.,2
유진디딤플레인바닐라OCIO증권자투자신탁(혼합-재간접형)C-Re,채권혼합형재간접투자,4,0.73,2.86,6.15,13.5,0.534,유진자산운용,다소높은위험을 감수할 수 있는 높은 위험을 감수하며 높은 수익을 기대하시는 분께 추천드리는 채권혼합형 상품으로 최근 12개월 기준 13.50%의 수익률을 기록했습니다.,0
매우낮은위험 e전용 유진챔피언단기채증권자투자신탁(채권)C-Pe2,채권형,1,0.3,0.91,2.13,4.63,0.207,유진자산운용,매우낮은위험을 감수할 수 있는 안정성을 가장 중요하게 생각하시는 분께 추천드리는 채권형 상품으로 최근 12개월 기준 4.63%의 수익률을 기록했습니다.,1
유진챔피언배당주증권자투자신탁(채권혼합)C-Pe2,채권혼합형,2,-1.37,-1.18,-0.98,5.12,0.672,유진자산운용,낮은위험을 감수할 수 있는 안정성을 가장 중요하게 생각하시는 분께 추천드리는 채권혼합형 상품으로 최근 12개월 기준 5.12%의 수익률을 기록했습니다.,1
유진챔피언중단기채증권자투자신탁(채권)C-Re,채권형,2,0.32,0.83,2.54,5.91,0.227,유진자산운용,낮은위험을 감수할 수 있는 안정성을 가장 중요하게 생각하시는 분께 추천드리는 채권형 상품으로 최근 12개월 기준 5.91%의 수익률을 기록했습니다.,1
이스트스프링미국뱅크론특별자산자투자신탁(H)[대출채권-재간접]C-P(퇴직연금)E,재간접투자기타,2,1.1,2.58,3.36,7.43,0.736,이스트스프링자산운용,낮은위험을 감수할 수 있는 안정성을 가장 중요하게 생각하시는 분께 추천드리는 재간접투자 상품으로 최근 12개월 기준 7.43%의 수익률을 기록했습니다.,1
이스트스프링유러피언리더스40증권자투자신탁(H)[채권혼합]C-P(퇴직연금)E,채권혼합형,3,-1.34,0.84,1.71,9.8,0.695,이스트스프링자산운용,보통위험을 감수할 수 있는 안정성을 추구하면서도 약간의 변화를 받아들일 수 있는 분께 추천드리는 채권혼합형 상품으로 최근 12개월 기준 9.80%의 수익률을 기록했습니다.,1
이스트스프링차이나드래곤Ashare증권자투자신탁(H)[주식]C-P(퇴직연금)E,주식형,5,-0.6,14.72,4.01,1.67,1.319,이스트스프링자산운용,높은위험을 감수할 수 있는 높은 위험을 감수하며 높은 수익을 기대하시는 분께 추천드리는 주식형 상품으로 최근 12개월 기준 1.67%의 수익률을 기록했습니다.,0
이스트스프링퇴직연금업종일등증권자투자신탁[주식]C-E,주식형,5,-4.77,-6.79,-5.22,9.45,0.795,이스트스프링자산운용,높은위험을 감수할 수 있는 높은 위험을 감수하며 높은 수익을 기대하시는 분께 추천드리는 주식형 상품으로 최근 12개월 기준 9.45%의 수익률을 기록했습니다.,0
이스트스프링퇴직연금코리아채권증권자투자신탁[채권]C-E,채권형,2,0.27,0.56,3.09,6.46,0.344,이스트스프링자산운용,낮은위험을 감수할 수 있는 안정성을 가장 중요하게 생각하시는 분께 추천드리는 채권형 상품으로 최근 12개월 기준 6.46%의 수익률을 기록했습니다.,1
칸서스튼튼채권탄탄공모주증권투자신탁1호(채권혼합)C-pe,채권혼합형,2,0.28,0.91,2.0,4.62,0.501,칸서스자산운용,낮은위험을 감수할 수 있는 안정성을 가장 중요하게 생각하시는 분께 추천드리는 채권혼합형 상품으로 최근 12개월 기준 4.62%의 수익률을 기록했습니다.,1
코레이트초단기금리혼합자산투자신탁C-P2e,채권형,2,0.3,0.92,1.92,4.14,0.141,코레이트자산운용,낮은위험을 감수할 수 있는 안정성을 가장 중요하게 생각하시는 분께 추천드리는 채권형 상품으로 최근 12개월 기준 4.14%의 수익률을 기록했습니다.,1
키움SmartInvestor분할매수증권자투자신탁1[주식혼합-재간접형]C-P2e,주식혼합형재간접투자,5,-7.27,-9.75,-12.92,0.3,0.67,키움투자자산운용,높은위험을 감수할 수 있는 높은 위험을 감수하며 높은 수익을 기대하시는 분께 추천드리는 주식혼합형 상품으로 최근 12개월 기준 0.30%의 수익률을 기록했습니다.,0
키움글로벌구독경제증권자투자신탁(H)[주식]C-P2e,주식형,5,8.54,17.79,22.27,43.9,1.307,키움투자자산운용,높은위험을 감수할 수 있는 높은 위험을 감수하며 높은 수익을 기대하시는 분께 추천드리는 주식형 상품으로 최근 12개월 기준 43.90%의 수익률을 기록했습니다.,2
키움글로벌구독경제증권자투자신탁(UH)[주식]C-P2e,주식형,5,12.02,20.48,25.5,52.37,1.303,키움투자자산운용,높은위험을 감수할 수 있는 높은 위험을 감수하며 높은 수익을 기대하시는 분께 추천드리는 주식형 상품으로 최근 12개월 기준 52.37%의 수익률을 기록했습니다.,2
키움글로벌구독경제증권자투자신탁제2호(H)[주식]C-P2e,주식형,5,9.14,18.5,23.0,44.7,1.301,키움투자자산운용,높은위험을 감수할 수 있는 높은 위험을 감수하며 높은 수익을 기대하시는 분께 추천드리는 주식형 상품으로 최근 12개월 기준 44.70%의 수익률을 기록했습니다.,2
키움글로벌구독경제증권자투자신탁제2호(UH)[주식]C-P2e,주식형,5,12.05,20.52,25.55,52.45,1.3,키움투자자산운용,높은위험을 감수할 수 있는 높은 위험을 감수하며 높은 수익을 기대하시는 분께 추천드리는 주식형 상품으로 최근 12개월 기준 52.45%의 수익률을 기록했습니다.,2
키움글로벌수소VISION증권자투자신탁(H)[주식]C-P2e,주식형,5,-5.06,-1.56,-4.94,1.94,1.108,키움투자자산운용,높은위험을 감수할 수 있는 높은 위험을 감수하며 높은 수익을 기대하시는 분께 추천드리는 주식형 상품으로 최근 12개월 기준 1.94%의 수익률을 기록했습니다.,0
키움글로벌인덱스증권자투자신탁제1호[주식-재간접형]C-P2e(퇴직연금),주식형재간접투자,4,0.62,7.01,7.48,23.22,0.811,키움투자자산운용,다소높은위험을 감수할 수 있는 높은 위험을 감수하며 높은 수익을 기대하시는 분께 추천드리는 주식형 상품으로 최근 12개월 기준 23.22%의 수익률을 기록했습니다.,2
키움글로벌차세대 IT&네트워크증권자투자신탁(H)[주식]C-P2e,주식형,5,6.8,17.87,17.42,39.79,1.261,키움투자자산운용,높은위험을 감수할 수 있는 높은 위험을 감수하며 높은 수익을 기대하시는 분께 추천드리는 주식형 상품으로 최근 12개월 기준 39.79%의 수익률을 기록했습니다.,2
키움글로벌차세대IT&네트워크증권자투자신탁(UH)[주식]C-P2e,주식형,5,10.23,21.33,21.61,50.14,1.257,키움투자자산운용,높은위험을 감수할 수 있는 높은 위험을 감수하며 높은 수익을 기대하시는 분께 추천드리는 주식형 상품으로 최근 12개월 기준 50.14%의 수익률을 기록했습니다.,2
키움글로벌코어밸류증권자투자신탁제1호[주식]C-P2e,주식형,5,4.46,12.44,10.19,31.72,1.321,키움투자자산운용,높은위험을 감수할 수 있는 높은 위험을 감수하며 높은 수익을 기대하시는 분께 추천드리는 주식형 상품으로 최근 12개월 기준 31.72%의 수익률을 기록했습니다.,2
매우낮은위험 e전용 키움단기국공채증권자투자신탁제1호[채권]C-P2e,채권형,1,0.24,0.75,1.69,3.79,0.237,키움투자자산운용,매우낮은위험을 감수할 수 있는 안정성을 가장 중요하게 생각하시는 분께 추천드리는 채권형 상품으로 최근 12개월 기준 3.79%의 수익률을 기록했습니다.,1
매우낮은위험 e전용 키움더드림단기채증권투자신탁[채권]C-P2e,채권형,1,0.3,0.91,2.18,4.91,0.184,키움투자자산운용,매우낮은위험을 감수할 수 있는 안정성을 가장 중요하게 생각하시는 분께 추천드리는 채권형 상품으로 최근 12개월 기준 4.91%의 수익률을 기록했습니다.,1
키움디딤더높이EMP증권투자신탁[채권혼합-재간접형]C-P2e,채권혼합형재간접투자,3,0.23,1.98,4.31,12.45,0.792,키움투자자산운용,보통위험을 감수할 수 있는 안정성을 추구하면서도 약간의 변화를 받아들일 수 있는 분께 추천드리는 채권혼합형 상품으로 최근 12개월 기준 12.45%의 수익률을 기록했습니다.,1
키움차세대모빌리티증권자투자신탁제1호[주식]C-P2e,주식형,5,-8.19,-8.65,-12.87,-0.4,1.165,키움투자자산운용,높은위험을 감수할 수 있는 높은 위험을 감수하며 높은 수익을 기대하시는 분께 추천드리는 주식형 상품으로 최근 12개월 기준 -0.40%의 수익률을 기록했습니다.,0
키움키워드림TDF2025증권투자신탁제1호[혼합-재간접형]C-P2e,주식혼합형재간접투자,3,1.46,3.6,5.88,16.53,0.436,키움투자자산운용,보통위험을 감수할 수 있는 안정성을 추구하면서도 약간의 변화를 받아들일 수 있는 분께 추천드리는 주식혼합형 상품으로 최근 12개월 기준 16.53%의 수익률을 기록했습니다.,1
키움키워드림TDF2030증권투자신탁제1호[혼합-재간접형]C-P2e,주식혼합형재간접투자,4,1.84,4.91,6.81,19.11,0.493,키움투자자산운용,다소높은위험을 감수할 수 있는 높은 위험을 감수하며 높은 수익을 기대하시는 분께 추천드리는 주식혼합형 상품으로 최근 12개월 기준 19.11%의 수익률을 기록했습니다.,2
키움키워드림TDF2035증권투자신탁제1호[혼합-재간접형]C-P2e,주식혼합형재간접투자,4,2.16,5.73,7.37,21.84,0.568,키움투자자산운용,다소높은위험을 감수할 수 있는 높은 위험을 감수하며 높은 수익을 기대하시는 분께 추천드리는 주식혼합형 상품으로 최근 12개월 기준 21.84%의 수익률을 기록했습니다.,2
키움키워드림TDF2040증권투자신탁제1호[혼합-재간접형]C-P2e,주식혼합형재간접투자,4,2.44,6.49,7.81,23.91,0.637,키움투자자산운용,다소높은위험을 감수할 수 있는 높은 위험을 감수하며 높은 수익을 기대하시는 분께 추천드리는 주식혼합형 상품으로 최근 12개월 기준 23.91%의 수익률을 기록했습니다.,2
키움키워드림TDF2045증권투자신탁제1호[혼합-재간접형]C-P2e,주식혼합형재간접투자,4,2.58,6.98,8.15,24.51,0.698,키움투자자산운용,다소높은위험을 감수할 수 있는 높은 위험을 감수하며 높은 수익을 기대하시는 분께 추천드리는 주식혼합형 상품으로 최근 12개월 기준 24.51%의 수익률을 기록했습니다.,2
키움키워드림TDF2050증권투자신탁제1호[혼합-재간접형]C-P2e,주식혼합형재간접투자,4,2.67,7.09,8.02,24.53,0.759,키움투자자산운용,다소높은위험을 감수할 수 있는 높은 위험을 감수하며 높은 수익을 기대하시는 분께 추천드리는 주식혼합형 상품으로 최근 12개월 기준 24.53%의 수익률을 기록했습니다.,2
키움퇴직연금10증권자투자신탁제B-1호[채권혼합],채권혼합형,2,-0.27,-0.26,2.94,8.26,0.538,키움투자자산운용,낮은위험을 감수할 수 있는 안정성을 가장 중요하게 생각하시는 분께 추천드리는 채권혼합형 상품으로 최근 12개월 기준 8.26%의 수익률을 기록했습니다.,1
키움퇴직연금20증권자투자신탁제B-1호[채권혼합],채권혼합형,2,-1.05,-1.28,1.17,7.75,0.647,키움투자자산운용,낮은위험을 감수할 수 있는 안정성을 가장 중요하게 생각하시는 분께 추천드리는 채권혼합형 상품으로 최근 12개월 기준 7.75%의 수익률을 기록했습니다.,1
키움퇴직연금코리아인덱스40증권자투자신탁제1호[채권혼합],채권혼합형,3,-2.46,-3.34,-2.26,6.56,0.604,키움투자자산운용,보통위험을 감수할 수 있는 안정성을 추구하면서도 약간의 변화를 받아들일 수 있는 분께 추천드리는 채권혼합형 상품으로 최근 12개월 기준 6.56%의 수익률을 기록했습니다.,1
키움퇴직연금코리아인덱스증권자투자신탁제1호[주식],주식형,5,-7.66,-10.36,-13.42,1.49,0.815,키움투자자산운용,높은위험을 감수할 수 있는 높은 위험을 감수하며 높은 수익을 기대하시는 분께 추천드리는 주식형 상품으로 최근 12개월 기준 1.49%의 수익률을 기록했습니다.,0
키움퓨처에너지증권투자신탁제1호[주식]C-P2e,주식형,5,-6.66,-6.14,-8.28,-0.57,0.681,키움투자자산운용,높은위험을 감수할 수 있는 높은 위험을 감수하며 높은 수익을 기대하시는 분께 추천드리는 주식형 상품으로 최근 12개월 기준 -0.57%의 수익률을 기록했습니다.,0
키움행복100세퇴직연금증권자투자신탁제1호[주식],주식형,5,-7.58,-9.51,-12.7,1.78,0.872,키움투자자산운용,높은위험을 감수할 수 있는 높은 위험을 감수하며 높은 수익을 기대하시는 분께 추천드리는 주식형 상품으로 최근 12개월 기준 1.78%의 수익률을 기록했습니다.,0
트러스톤ESG지배구조레벨업증권자투자신탁[주식]Cp2-E,주식형,4,-6.01,-1.48,-6.94,9.13,1.192,트러스톤자산운용,다소높은위험을 감수할 수 있는 높은 위험을 감수하며 높은 수익을 기대하시는 분께 추천드리는 주식형 상품으로 최근 12개월 기준 9.13%의 수익률을 기록했습니다.,0
트러스톤다이나믹코리아30퇴직연금증권자투자신탁[채권혼합]Ce,채권혼합형,2,-0.52,-0.43,-0.93,2.76,0.607,트러스톤자산운용,낮은위험을 감수할 수 있는 안정성을 가장 중요하게 생각하시는 분께 추천드리는 채권혼합형 상품으로 최근 12개월 기준 2.76%의 수익률을 기록했습니다.,1
트러스톤다이나믹코리아50퇴직연금증권자투자신탁[주식혼합]Ce,주식혼합형,3,-1.51,-2.15,-5.18,1.97,0.662,트러스톤자산운용,보통위험을 감수할 수 있는 안정성을 추구하면서도 약간의 변화를 받아들일 수 있는 분께 추천드리는 주식혼합형 상품으로 최근 12개월 기준 1.97%의 수익률을 기록했습니다.,1
트러스톤디딤백년50EMP자산배분증권자투자신탁[채권혼합-재간접형]Cp2-E,채권혼합형재간접투자,3,0.73,4.08,5.55,15.7,0.456,트러스톤자산운용,보통위험을 감수할 수 있는 안정성을 추구하면서도 약간의 변화를 받아들일 수 있는 분께 추천드리는 채권혼합형 상품으로 최근 12개월 기준 15.70%의 수익률을 기록했습니다.,1
트러스톤장기고배당40증권자투자신탁[채권혼합]Cp2-E,채권혼합형,3,-2.28,-2.71,-2.94,6.03,0.731,트러스톤자산운용,보통위험을 감수할 수 있는 안정성을 추구하면서도 약간의 변화를 받아들일 수 있는 분께 추천드리는 채권혼합형 상품으로 최근 12개월 기준 6.03%의 수익률을 기록했습니다.,1
트러스톤장기성장퇴직연금증권자투자신탁[주식]Ce,주식형,5,-7.05,-7.9,-10.7,7.01,0.682,트러스톤자산운용,높은위험을 감수할 수 있는 높은 위험을 감수하며 높은 수익을 기대하시는 분께 추천드리는 주식형 상품으로 최근 12개월 기준 7.01%의 수익률을 기록했습니다.,0
피델리티글로벌금융주증권자투자신탁[주식-재간접형]CP-e,주식형재간접투자,5,5.9,13.04,12.93,35.87,0.417,피델리티자산운용,높은위험을 감수할 수 있는 높은 위험을 감수하며 높은 수익을 기대하시는 분께 추천드리는 주식형 상품으로 최근 12개월 기준 35.87%의 수익률을 기록했습니다.,2
피델리티글로벌멀티에셋인컴증권자투자신탁(채권혼합-재간접형)CP-e,채권혼합형재간접투자,3,-0.17,2.22,1.98,9.51,0.472,피델리티자산운용,보통위험을 감수할 수 있는 안정성을 추구하면서도 약간의 변화를 받아들일 수 있는 분께 추천드리는 채권혼합형 상품으로 최근 12개월 기준 9.51%의 수익률을 기록했습니다.,1
피델리티글로벌배당인컴40증권자투자신탁(채권혼합-재간접형)CP-e,채권혼합형재간접투자,2,-0.12,2.36,3.19,9.72,0.472,피델리티자산운용,낮은위험을 감수할 수 있는 안정성을 가장 중요하게 생각하시는 분께 추천드리는 채권혼합형 상품으로 최근 12개월 기준 9.72%의 수익률을 기록했습니다.,1
피델리티글로벌배당인컴증권자투자신탁(주식-재간접형)CP-e,주식형재간접투자,3,-0.73,5.39,6.08,21.84,0.422,피델리티자산운용,보통위험을 감수할 수 있는 안정성을 추구하면서도 약간의 변화를 받아들일 수 있는 분께 추천드리는 주식형 상품으로 최근 12개월 기준 21.84%의 수익률을 기록했습니다.,1
피델리티글로벌테크놀로지증권자투자신탁(주식-재간접형)CP-e,주식형재간접투자,5,1.42,8.37,8.98,31.05,0.422,피델리티자산운용,높은위험을 감수할 수 있는 높은 위험을 감수하며 높은 수익을 기대하시는 분께 추천드리는 주식형 상품으로 최근 12개월 기준 31.05%의 수익률을 기록했습니다.,2
피델리티미달러채권증권자투자신탁H(채권-재간접형)CP-e,채권형재간접투자,3,-1.85,-2.33,1.51,4.31,0.38,피델리티자산운용,보통위험을 감수할 수 있는 안정성을 추구하면서도 약간의 변화를 받아들일 수 있는 분께 추천드리는 채권형 상품으로 최근 12개월 기준 4.31%의 수익률을 기록했습니다.,1
피델리티아시아증권자투자신탁(주식)CP-e,주식형,4,-2.2,7.82,5.1,15.62,1.125,피델리티자산운용,다소높은위험을 감수할 수 있는 높은 위험을 감수하며 높은 수익을 기대하시는 분께 추천드리는 주식형 상품으로 최근 12개월 기준 15.62%의 수익률을 기록했습니다.,2
피델리티유럽하이일드증권자투자신탁(채권-재간접형)CP-e,채권형재간접투자,3,0.61,3.03,5.77,11.38,0.422,피델리티자산운용,보통위험을 감수할 수 있는 안정성을 추구하면서도 약간의 변화를 받아들일 수 있는 분께 추천드리는 채권형 상품으로 최근 12개월 기준 11.38%의 수익률을 기록했습니다.,1
피델리티이머징마켓증권자투자신탁(채권-재간접형)CP-e,채권형재간접투자,4,-0.5,1.1,3.31,12.94,0.422,피델리티자산운용,다소높은위험을 감수할 수 있는 높은 위험을 감수하며 높은 수익을 기대하시는 분께 추천드리는 채권형 상품으로 최근 12개월 기준 12.94%의 수익률을 기록했습니다.,0
피델리티인디아증권자투자신탁[주식]CP-e,주식형,5,-0.23,2.93,12.95,31.48,1.115,피델리티자산운용,높은위험을 감수할 수 있는 높은 위험을 감수하며 높은 수익을 기대하시는 분께 추천드리는 주식형 상품으로 최근 12개월 기준 31.48%의 수익률을 기록했습니다.,2
피델리티재팬증권자투자신탁[주식-재간접형]CP-e,주식형재간접투자,5,0.12,8.23,-1.22,17.14,0.422,피델리티자산운용,높은위험을 감수할 수 있는 높은 위험을 감수하며 높은 수익을 기대하시는 분께 추천드리는 주식형 상품으로 최근 12개월 기준 17.14%의 수익률을 기록했습니다.,2
피델리티지속가능Water&Waste증권자투자신탁(주식-재간접형)CP-e,주식형재간접투자,5,0.72,5.6,-0.69,23.13,0.422,피델리티자산운용,높은위험을 감수할 수 있는 높은 위험을 감수하며 높은 수익을 기대하시는 분께 추천드리는 주식형 상품으로 최근 12개월 기준 23.13%의 수익률을 기록했습니다.,2
매우높은위험 e전용 피델리티차이나컨슈머증권자투자신탁[주식-재간접형]CP-e,주식형재간접투자,6,-10.04,8.44,-4.99,-3.78,0.422,피델리티자산운용,매우높은위험을 감수할 수 있는 높은 위험을 감수하며 높은 수익을 기대하시는 분께 추천드리는 주식형 상품으로 최근 12개월 기준 -3.78%의 수익률을 기록했습니다.,0
피델리티퇴직연금글로벌증권자투자신탁CP(주식-재간접형)CP-e,주식형,5,1.52,7.26,5.92,24.65,0.422,피델리티자산운용,높은위험을 감수할 수 있는 높은 위험을 감수하며 높은 수익을 기대하시는 분께 추천드리는 주식형 상품으로 최근 12개월 기준 24.65%의 수익률을 기록했습니다.,2
하나 PIMCO글로벌인컴혼합자산자투자신탁(H)[재간접형]C-P2E,재간접투자,2,-0.7,0.12,2.23,7.49,0.612,하나자산운용,낮은위험을 감수할 수 있는 안정성을 가장 중요하게 생각하시는 분께 추천드리는 재간접투자 상품으로 최근 12개월 기준 7.49%의 수익률을 기록했습니다.,1
하나PIMCO글로벌분산투자증권자투자신탁(채권-재간접형)C-P2E,채권형재간접투자,3,-0.21,0.92,3.76,10.53,0.47,하나자산운용,보통위험을 감수할 수 있는 안정성을 추구하면서도 약간의 변화를 받아들일 수 있는 분께 추천드리는 채권형 상품으로 최근 12개월 기준 10.53%의 수익률을 기록했습니다.,1
하나PIMCO글로벌투자등급증권자투자신탁(채권-재간접형)C-P2E,채권형재간접투자,3,-0.35,0.25,3.39,8.4,0.486,하나자산운용,보통위험을 감수할 수 있는 안정성을 추구하면서도 약간의 변화를 받아들일 수 있는 분께 추천드리는 채권형 상품으로 최근 12개월 기준 8.40%의 수익률을 기록했습니다.,1
하나글로벌리츠부동산자투자신탁[재간접형]C-P2E,재간접투자,5,-0.89,2.54,7.78,19.08,1.25,하나자산운용,높은위험을 감수할 수 있는 높은 위험을 감수하며 높은 수익을 기대하시는 분께 추천드리는 재간접투자 상품으로 최근 12개월 기준 19.08%의 수익률을 기록했습니다.,2
하나글로벌인프라증권자투자신탁[주식]C-P2E,주식형,4,2.22,7.11,12.52,22.99,1.24,하나자산운용,다소높은위험을 감수할 수 있는 높은 위험을 감수하며 높은 수익을 기대하시는 분께 추천드리는 주식형 상품으로 최근 12개월 기준 22.99%의 수익률을 기록했습니다.,2
하나미국토탈일드증권자투자신탁[주식-재간접형]C-P2E,주식형,5,3.15,10.87,9.36,24.05,0.77,하나자산운용,높은위험을 감수할 수 있는 높은 위험을 감수하며 높은 수익을 기대하시는 분께 추천드리는 주식형 상품으로 최근 12개월 기준 24.05%의 수익률을 기록했습니다.,2
하나크레딧플러스증권자투자신탁[채권]C-P2E,채권형,2,0.31,0.95,2.61,6.27,0.227,하나자산운용,낮은위험을 감수할 수 있는 안정성을 가장 중요하게 생각하시는 분께 추천드리는 채권형 상품으로 최근 12개월 기준 6.27%의 수익률을 기록했습니다.,1
한국밸류10년투자퇴직연금증권자투자신탁1호(주식)C-e,주식형,5,-6.47,-12.64,-11.21,6.06,0.95,한국투자밸류자산운용,높은위험을 감수할 수 있는 높은 위험을 감수하며 높은 수익을 기대하시는 분께 추천드리는 주식형 상품으로 최근 12개월 기준 6.06%의 수익률을 기록했습니다.,0
한국투자OCIO알아서증권자투자신탁(채권혼합-재간접형)C-Re,채권혼합형재간접투자,3,1.1,2.82,8.83,21.93,0.471,한국투자신탁운용,보통위험을 감수할 수 있는 안정성을 추구하면서도 약간의 변화를 받아들일 수 있는 분께 추천드리는 채권혼합형 상품으로 최근 12개월 기준 21.93%의 수익률을 기록했습니다.,1
한국투자TDF알아서2020증권자투자신탁(채권혼합-재간접형)(C-Re),채권혼합형재간접투자,3,1.03,3.27,4.42,14.86,0.441,한국투자신탁운용,보통위험을 감수할 수 있는 안정성을 추구하면서도 약간의 변화를 받아들일 수 있는 분께 추천드리는 채권혼합형 상품으로 최근 12개월 기준 14.86%의 수익률을 기록했습니다.,1
한국투자TDF알아서2025증권투자신탁(주식혼합-재간접형)(C-Re),주식혼합형재간접투자,3,1.06,3.39,4.54,15.44,0.452,한국투자신탁운용,보통위험을 감수할 수 있는 안정성을 추구하면서도 약간의 변화를 받아들일 수 있는 분께 추천드리는 주식혼합형 상품으로 최근 12개월 기준 15.44%의 수익률을 기록했습니다.,1
한국투자TDF알아서2030증권투자신탁(주식혼합-재간접형)(C-Re),주식혼합형재간접투자,4,1.27,4.21,4.93,18.0,0.45,한국투자신탁운용,다소높은위험을 감수할 수 있는 높은 위험을 감수하며 높은 수익을 기대하시는 분께 추천드리는 주식혼합형 상품으로 최근 12개월 기준 18.00%의 수익률을 기록했습니다.,2
한국투자TDF알아서2035증권투자신탁(주식혼합-재간접형)(C-Re),주식혼합형재간접투자,4,1.42,4.91,5.19,20.0,0.553,한국투자신탁운용,다소높은위험을 감수할 수 있는 높은 위험을 감수하며 높은 수익을 기대하시는 분께 추천드리는 주식혼합형 상품으로 최근 12개월 기준 20.00%의 수익률을 기록했습니다.,2
한국투자TDF알아서2040증권투자신탁(주식혼합-재간접형)(C-Re),주식혼합형재간접투자,4,1.56,5.52,5.37,21.42,0.691,한국투자신탁운용,다소높은위험을 감수할 수 있는 높은 위험을 감수하며 높은 수익을 기대하시는 분께 추천드리는 주식혼합형 상품으로 최근 12개월 기준 21.42%의 수익률을 기록했습니다.,2
한국투자TDF알아서2045증권투자신탁(주식혼합-재간접형)(C-Re),주식혼합형재간접투자,4,1.69,5.98,5.6,22.63,0.691,한국투자신탁운용,다소높은위험을 감수할 수 있는 높은 위험을 감수하며 높은 수익을 기대하시는 분께 추천드리는 주식혼합형 상품으로 최근 12개월 기준 22.63%의 수익률을 기록했습니다.,2
한국투자TDF알아서2050증권자투자신탁H[주식혼합-재간접형](C-Re),주식혼합형재간접투자,4,1.63,5.94,5.55,21.93,0.687,한국투자신탁운용,다소높은위험을 감수할 수 있는 높은 위험을 감수하며 높은 수익을 기대하시는 분께 추천드리는 주식혼합형 상품으로 최근 12개월 기준 21.93%의 수익률을 기록했습니다.,2
한국투자TDF알아서ETF포커스2030증권투자신탁(혼합-재간접형)C-Re,재간접투자,4,3.11,6.23,9.37,22.79,0.505,한국투자신탁운용,다소높은위험을 감수할 수 있는 높은 위험을 감수하며 높은 수익을 기대하시는 분께 추천드리는 재간접투자 상품으로 최근 12개월 기준 22.79%의 수익률을 기록했습니다.,2
한국투자TDF알아서ETF포커스2035증권투자신탁(혼합-재간접형)C-Re,재간접투자,4,3.56,7.13,10.17,24.48,0.625,한국투자신탁운용,다소높은위험을 감수할 수 있는 높은 위험을 감수하며 높은 수익을 기대하시는 분께 추천드리는 재간접투자 상품으로 최근 12개월 기준 24.48%의 수익률을 기록했습니다.,2
한국투자TDF알아서ETF포커스2040증권투자신탁(혼합-재간접형)C-Re,재간접투자,4,3.92,7.88,10.91,26.38,0.625,한국투자신탁운용,다소높은위험을 감수할 수 있는 높은 위험을 감수하며 높은 수익을 기대하시는 분께 추천드리는 재간접투자 상품으로 최근 12개월 기준 26.38%의 수익률을 기록했습니다.,2
한국투자TDF알아서ETF포커스2045증권투자신탁(혼합-재간접형)C-Re,재간접투자,4,4.22,8.49,11.33,28.34,0.74,한국투자신탁운용,다소높은위험을 감수할 수 있는 높은 위험을 감수하며 높은 수익을 기대하시는 분께 추천드리는 재간접투자 상품으로 최근 12개월 기준 28.34%의 수익률을 기록했습니다.,2
한국투자TDF알아서ETF포커스2050증권투자신탁(혼합-재간접형)C-Re,재간접투자,4,4.49,9.08,11.93,29.47,0.729,한국투자신탁운용,다소높은위험을 감수할 수 있는 높은 위험을 감수하며 높은 수익을 기대하시는 분께 추천드리는 재간접투자 상품으로 최근 12개월 기준 29.47%의 수익률을 기록했습니다.,2
한국투자TDF알아서ETF포커스2055증권투자신탁(혼합-재간접형)C-Re,재간접투자,4,4.72,9.58,12.31,30.72,0.738,한국투자신탁운용,다소높은위험을 감수할 수 있는 높은 위험을 감수하며 높은 수익을 기대하시는 분께 추천드리는 재간접투자 상품으로 최근 12개월 기준 30.72%의 수익률을 기록했습니다.,2
한국투자TDF알아서ETF포커스2060증권투자신탁(혼합-재간접형)C-Re,재간접투자,4,4.89,9.99,12.64,31.79,0.748,한국투자신탁운용,다소높은위험을 감수할 수 있는 높은 위험을 감수하며 높은 수익을 기대하시는 분께 추천드리는 재간접투자 상품으로 최근 12개월 기준 31.79%의 수익률을 기록했습니다.,2
한국투자TDF알아서증권투자신탁(채권혼합-재간접형)(C-Re),채권혼합형재간접투자,3,1.01,3.13,4.4,14.34,0.451,한국투자신탁운용,보통위험을 감수할 수 있는 안정성을 추구하면서도 약간의 변화를 받아들일 수 있는 분께 추천드리는 채권혼합형 상품으로 최근 12개월 기준 14.34%의 수익률을 기록했습니다.,1
한국투자TIF알아서평생소득증권자투자신탁(채권-재간접형)(C-Re),채권형재간접투자,2,0.3,0.68,3.23,9.15,0.475,한국투자신탁운용,낮은위험을 감수할 수 있는 안정성을 가장 중요하게 생각하시는 분께 추천드리는 채권형 상품으로 최근 12개월 기준 9.15%의 수익률을 기록했습니다.,1
한국투자e단기채ESG증권투자신탁(채권)C-Re,채권형,2,0.29,0.93,2.24,5.14,0.176,한국투자신탁운용,낮은위험을 감수할 수 있는 안정성을 가장 중요하게 생각하시는 분께 추천드리는 채권형 상품으로 최근 12개월 기준 5.14%의 수익률을 기록했습니다.,1
한국투자글로벌AI&반도체TOP10증권자투자신탁H(주식)C-Re,주식형,5,3.33,13.01,16.28,42.75,1.203,한국투자신탁운용,높은위험을 감수할 수 있는 높은 위험을 감수하며 높은 수익을 기대하시는 분께 추천드리는 주식형 상품으로 최근 12개월 기준 42.75%의 수익률을 기록했습니다.,2
한국투자글로벌AI&반도체TOP10증권자투자신탁UH(주식)C-Re,주식형,5,7.12,16.24,20.08,53.61,1.196,한국투자신탁운용,높은위험을 감수할 수 있는 높은 위험을 감수하며 높은 수익을 기대하시는 분께 추천드리는 주식형 상품으로 최근 12개월 기준 53.61%의 수익률을 기록했습니다.,2
한국투자글로벌전기차&배터리증권투자신탁(주식)C-Re,주식형,5,4.67,21.22,10.71,9.5,1.252,한국투자신탁운용,높은위험을 감수할 수 있는 높은 위험을 감수하며 높은 수익을 기대하시는 분께 추천드리는 주식형 상품으로 최근 12개월 기준 9.50%의 수익률을 기록했습니다.,0
한국투자미국배당귀족증권자투자신탁(채권혼합)C-Re,채권혼합형,3,0.39,2.95,3.88,11.58,0.584,한국투자신탁운용,보통위험을 감수할 수 있는 안정성을 추구하면서도 약간의 변화를 받아들일 수 있는 분께 추천드리는 채권혼합형 상품으로 최근 12개월 기준 11.58%의 수익률을 기록했습니다.,1
한국투자미국배당귀족증권자투자신탁H(주식)C-Re,주식형,5,0.51,6.43,5.69,19.77,0.852,한국투자신탁운용,높은위험을 감수할 수 있는 높은 위험을 감수하며 높은 수익을 기대하시는 분께 추천드리는 주식형 상품으로 최근 12개월 기준 19.77%의 수익률을 기록했습니다.,2
매우낮은위험 e전용 한국투자신종법인용MMF3호(국공채)C-Re,MMF,1,0.27,0.85,1.72,3.55,0.098,한국투자신탁운용,매우낮은위험을 감수할 수 있는 안정성을 가장 중요하게 생각하시는 분께 추천드리는 MMF 상품으로 최근 12개월 기준 3.55%의 수익률을 기록했습니다.,1
한국투자연금베트남그로스증권자투자신탁(주식)C-Re,주식형,5,-4.03,0.86,1.27,13.45,1.111,한국투자신탁운용,높은위험을 감수할 수 있는 높은 위험을 감수하며 높은 수익을 기대하시는 분께 추천드리는 주식형 상품으로 최근 12개월 기준 13.45%의 수익률을 기록했습니다.,0
한국투자월스트리트투자은행증권투자신탁1호[주식]C-Re,주식형,5,9.56,17.94,13.73,43.29,1.432,한국투자신탁운용,높은위험을 감수할 수 있는 높은 위험을 감수하며 높은 수익을 기대하시는 분께 추천드리는 주식형 상품으로 최근 12개월 기준 43.29%의 수익률을 기록했습니다.,2
한국투자웰링턴글로벌퀄리티증권자투자신탁H(주식)(C-Re),주식형,5,3.94,9.58,9.42,29.95,1.269,한국투자신탁운용,높은위험을 감수할 수 있는 높은 위험을 감수하며 높은 수익을 기대하시는 분께 추천드리는 주식형 상품으로 최근 12개월 기준 29.95%의 수익률을 기록했습니다.,2
한국투자웰링턴글로벌퀄리티증권자투자신탁UH(주식)(C-Re),주식형,5,7.26,12.4,12.82,38.69,1.265,한국투자신탁운용,높은위험을 감수할 수 있는 높은 위험을 감수하며 높은 수익을 기대하시는 분께 추천드리는 주식형 상품으로 최근 12개월 기준 38.69%의 수익률을 기록했습니다.,2
한국투자크레딧포커스ESG증권자투자신탁1호(채권)C-Re,채권형,2,0.35,1.03,2.98,7.36,0.293,한국투자신탁운용,낮은위험을 감수할 수 있는 안정성을 가장 중요하게 생각하시는 분께 추천드리는 채권형 상품으로 최근 12개월 기준 7.36%의 수익률을 기록했습니다.,1
한국투자퇴직연금롱텀밸류40증권자투자신탁1(채권혼합)C-e,채권혼합형,3,-1.45,0.78,-0.22,8.82,0.535,한국투자신탁운용,보통위험을 감수할 수 있는 안정성을 추구하면서도 약간의 변화를 받아들일 수 있는 분께 추천드리는 채권혼합형 상품으로 최근 12개월 기준 8.82%의 수익률을 기록했습니다.,1
한국투자퇴직연금마이스터40증권자투자신탁1(채권혼합)C-e,채권혼합형,3,-2.22,-2.54,-1.74,6.46,0.536,한국투자신탁운용,보통위험을 감수할 수 있는 안정성을 추구하면서도 약간의 변화를 받아들일 수 있는 분께 추천드리는 채권혼합형 상품으로 최근 12개월 기준 6.46%의 수익률을 기록했습니다.,1
한국투자퇴직연금마이스터증권자투자신탁1호(주식)C-e,주식형,5,-6.58,-8.1,-9.34,5.9,0.796,한국투자신탁운용,높은위험을 감수할 수 있는 높은 위험을 감수하며 높은 수익을 기대하시는 분께 추천드리는 주식형 상품으로 최근 12개월 기준 5.90%의 수익률을 기록했습니다.,0
한국투자퇴직연금인덱스40증권자투자신탁1[채권혼합]C-e,채권혼합형,3,-2.89,-3.72,-3.77,4.04,0.47,한국투자신탁운용,보통위험을 감수할 수 있는 안정성을 추구하면서도 약간의 변화를 받아들일 수 있는 분께 추천드리는 채권혼합형 상품으로 최근 12개월 기준 4.04%의 수익률을 기록했습니다.,1
한국투자퇴직연금한국의힘40증권자투자신탁1호(채권혼합)C-e,채권혼합형,3,-2.09,-2.48,-2.25,4.39,0.536,한국투자신탁운용,보통위험을 감수할 수 있는 안정성을 추구하면서도 약간의 변화를 받아들일 수 있는 분께 추천드리는 채권혼합형 상품으로 최근 12개월 기준 4.39%의 수익률을 기록했습니다.,1
한국투자퇴직연금한국의힘증권자투자신탁1호(주식)C-e,주식형,4,-6.29,-8.03,-10.46,1.28,0.797,한국투자신탁운용,다소높은위험을 감수할 수 있는 높은 위험을 감수하며 높은 수익을 기대하시는 분께 추천드리는 주식형 상품으로 최근 12개월 기준 1.28%의 수익률을 기록했습니다.,0
한국투자한국의제4차산업혁명증권자투자신탁1호(주식)C-Re,주식형,5,-7.08,-8.65,-12.12,-2.51,0.842,한국투자신탁운용,높은위험을 감수할 수 있는 높은 위험을 감수하며 높은 수익을 기대하시는 분께 추천드리는 주식형 상품으로 최근 12개월 기준 -2.51%의 수익률을 기록했습니다.,0
한화K리츠플러스부동산자투자신탁(H)(리츠-재간접형)C-RPe,재간접투자,3,-3.64,-3.67,-0.56,8.88,0.973,한화자산운용,보통위험을 감수할 수 있는 안정성을 추구하면서도 약간의 변화를 받아들일 수 있는 분께 추천드리는 재간접투자 상품으로 최근 12개월 기준 8.88%의 수익률을 기록했습니다.,1
한화LIFEPLUS TDF2025증권자투자신탁(혼합-재간접형)C-RPe,주식혼합형재간접투자,4,0.8,2.96,4.93,16.24,0.467,한화자산운용,다소높은위험을 감수할 수 있는 높은 위험을 감수하며 높은 수익을 기대하시는 분께 추천드리는 주식혼합형 상품으로 최근 12개월 기준 16.24%의 수익률을 기록했습니다.,2
한화LIFEPLUS TDF2030증권자투자신탁(혼합-재간접형)C-RPe,주식혼합형재간접투자,4,1.35,4.04,5.64,18.93,0.472,한화자산운용,다소높은위험을 감수할 수 있는 높은 위험을 감수하며 높은 수익을 기대하시는 분께 추천드리는 주식혼합형 상품으로 최근 12개월 기준 18.93%의 수익률을 기록했습니다.,2
한화LIFEPLUS TDF2035증권투자신탁(혼합-재간접형)C-RPe,주식혼합형재간접투자,4,1.77,4.92,6.27,21.69,0.593,한화자산운용,다소높은위험을 감수할 수 있는 높은 위험을 감수하며 높은 수익을 기대하시는 분께 추천드리는 주식혼합형 상품으로 최근 12개월 기준 21.69%의 수익률을 기록했습니다.,2
한화LIFEPLUS TDF2040증권자투자신탁(혼합-재간접형)C-RPe,주식혼합형재간접투자,5,2.1,5.6,6.48,22.89,0.722,한화자산운용,높은위험을 감수할 수 있는 높은 위험을 감수하며 높은 수익을 기대하시는 분께 추천드리는 주식혼합형 상품으로 최근 12개월 기준 22.89%의 수익률을 기록했습니다.,2
한화LIFEPLUS TDF2045증권투자신탁(혼합-재간접형)C-RPe,주식혼합형재간접투자,5,2.4,6.17,7.12,24.84,0.752,한화자산운용,높은위험을 감수할 수 있는 높은 위험을 감수하며 높은 수익을 기대하시는 분께 추천드리는 주식혼합형 상품으로 최근 12개월 기준 24.84%의 수익률을 기록했습니다.,2
한화LIFEPLUS TDF2050증권자투자신탁(혼합-재간접형)C-RPe,주식혼합형재간접투자,5,2.39,6.22,6.9,24.57,0.717,한화자산운용,높은위험을 감수할 수 있는 높은 위험을 감수하며 높은 수익을 기대하시는 분께 추천드리는 주식혼합형 상품으로 최근 12개월 기준 24.57%의 수익률을 기록했습니다.,2
한화LIFEPLUS TIF혼합자산자투자신탁(재간접형)C-RPe,주식혼합형,4,0.53,1.4,4.51,10.96,0.54,한화자산운용,다소높은위험을 감수할 수 있는 높은 위험을 감수하며 높은 수익을 기대하시는 분께 추천드리는 주식혼합형 상품으로 최근 12개월 기준 10.96%의 수익률을 기록했습니다.,0
매우높은위험 e전용 한화그린히어로증권자투자신탁[주식]C-RPe,주식형,6,5.26,15.66,14.57,45.07,0.803,한화자산운용,매우높은위험을 감수할 수 있는 높은 위험을 감수하며 높은 수익을 기대하시는 분께 추천드리는 주식형 상품으로 최근 12개월 기준 45.07%의 수익률을 기록했습니다.,2
한화글로벌테크히어로증권자투자신탁(H)(주식)C-RPe,주식형,5,3.04,11.91,12.78,29.77,1.217,한화자산운용,높은위험을 감수할 수 있는 높은 위험을 감수하며 높은 수익을 기대하시는 분께 추천드리는 주식형 상품으로 최근 12개월 기준 29.77%의 수익률을 기록했습니다.,2
한화글로벌헬스케어증권자투자신탁[주식]RPe,주식형,4,-3.79,-2.44,1.32,13.67,1.156,한화자산운용,다소높은위험을 감수할 수 있는 높은 위험을 감수하며 높은 수익을 기대하시는 분께 추천드리는 주식형 상품으로 최근 12개월 기준 13.67%의 수익률을 기록했습니다.,0
매우낮은위험 e전용 한화단기국공채증권자투자신탁(채권)종류C-RPe(퇴직연금),채권형,1,0.25,0.79,1.81,3.99,0.15,한화자산운용,매우낮은위험을 감수할 수 있는 안정성을 가장 중요하게 생각하시는 분께 추천드리는 채권형 상품으로 최근 12개월 기준 3.99%의 수익률을 기록했습니다.,1
한화연금단기하이일드증권자투자신탁(채권)P-E,채권형,2,0.31,2.12,3.98,8.27,0.712,한화자산운용,낮은위험을 감수할 수 있는 안정성을 가장 중요하게 생각하시는 분께 추천드리는 채권형 상품으로 최근 12개월 기준 8.27%의 수익률을 기록했습니다.,1
한화중국본토증권자투자신탁H(주식)C-RPe(퇴직연금),주식형,5,0.66,21.96,12.21,18.93,1.0,한화자산운용,높은위험을 감수할 수 있는 높은 위험을 감수하며 높은 수익을 기대하시는 분께 추천드리는 주식형 상품으로 최근 12개월 기준 18.93%의 수익률을 기록했습니다.,2
한화천연자원증권자투자신탁[주식]P-E,주식형,5,-0.68,3.32,-1.88,15.78,1.309,한화자산운용,높은위험을 감수할 수 있는 높은 위험을 감수하며 높은 수익을 기대하시는 분께 추천드리는 주식형 상품으로 최근 12개월 기준 15.78%의 수익률을 기록했습니다.,0
한화코리아밸류채권증권자투자신탁[채권]C-RPe,채권형,2,0.32,0.94,2.57,6.2,0.259,한화자산운용,낮은위험을 감수할 수 있는 안정성을 가장 중요하게 생각하시는 분께 추천드리는 채권형 상품으로 최근 12개월 기준 6.20%의 수익률을 기록했습니다.,1
현대강소기업증권자투자신탁1호[주식]C-P2e,주식형,5,-18.37,-24.32,-34.37,-25.12,0.721,현대자산운용,높은위험을 감수할 수 있는 높은 위험을 감수하며 높은 수익을 기대하시는 분께 추천드리는 주식형 상품으로 최근 12개월 기준 -25.12%의 수익률을 기록했습니다.,0
흥국퇴직연금멀티증권자투자신탁4호[채권]C-e,채권형,2,0.28,0.85,2.36,5.92,0.224,흥국자산운용,낮은위험을 감수할 수 있는 안정성을 가장 중요하게 생각하시는 분께 추천드리는 채권형 상품으로 최근 12개월 기준 5.92%의 수익률을 기록했습니다.,1
